Date,HomeTeam,AwayTeam,FTHG,FTAG,FTR,HTHG,HTAG,HTR,Referee,HS,AS,HST,AST,HF,AF,HC,AC,HY,AY,HR,AR,B365H,B365D,B365A
21/08/15,Malaga,Sevilla,0,0,D,0,0,D,Alfonso Álvarez,25,10,5,2,19,11,7,2,3,3,0,1,3.4,3.4,2.15
22/08/15,Ath Madrid,Las Palmas,1,0,H,1,0,H,Eduardo Prieto,14,8,3,1,11,16,4,4,2,0,0,0,1.2,6.5,15.0
22/08/15,Espanol,Getafe,1,0,H,1,0,H,Jesús Gil,4,14,2,3,19,14,5,6,2,3,0,1,1.91,3.4,4.33
22/08/15,La Coruna,Sociedad,0,0,D,0,0,D,Antonio Matéu Lahoz,15,9,5,2,16,10,5,4,3,2,0,0,2.5,3.2,3.0
22/08/15,Vallecano,Valencia,0,0,D,0,0,D,Alberto Undiano,8,10,3,4,19,11,3,3,3,1,0,0,3.6,3.5,2.05
23/08/15,Ath Bilbao,Barcelona,0,1,A,0,0,D,Carlos del Cerro,8,10,2,4,16,11,2,4,3,3,0,0,6.5,4.33,1.5
23/08/15,Betis,Villarreal,1,1,D,0,1,A,Iñaki Bikandi,22,8,6,4,11,26,7,5,3,1,0,1,2.8,3.25,2.6
23/08/15,Levante,Celta,1,2,A,0,1,A,Ricardo de Burgos,11,15,2,6,12,17,4,6,1,3,1,0,3.6,3.3,2.15
23/08/15,Sp Gijon,Real Madrid,0,0,D,0,0,D,Daniel Ask,6,27,0,8,20,4,2,5,4,0,0,0,13.0,6.5,1.22
24/08/15,Granada,Eibar,1,3,A,0,2,A,Ignacio Iglesias,12,10,6,4,5,23,6,5,1,6,1,0,1.91,3.3,4.5
28/08/15,Villarreal,Espanol,3,1,H,0,1,A,Carlos Velasco,14,4,4,2,10,20,2,3,1,6,0,0,1.57,3.8,6.5
29/08/15,Barcelona,Malaga,1,0,H,0,0,D,Santiago Jaime,22,4,13,1,4,21,15,2,0,3,0,0,1.1,10.0,26.0
29/08/15,Celta,Vallecano,3,0,H,1,0,H,Juan Martínez,11,3,7,0,7,11,5,4,2,2,0,1,1.53,4.33,6.0
29/08/15,Real Madrid,Betis,5,0,H,2,0,H,Alejandro Hernández,21,7,11,1,12,14,11,4,3,3,0,0,1.1,10.0,26.0
29/08/15,Sociedad,Sp Gijon,0,0,D,0,0,D,José Sánchez,12,7,1,2,10,15,6,4,4,5,0,0,1.85,3.5,4.5
30/08/15,Eibar,Ath Bilbao,2,0,H,1,0,H,David Fernández,9,9,8,1,14,13,11,4,2,2,0,0,4.0,3.1,2.1
30/08/15,Getafe,Granada,1,2,A,0,2,A,Eduardo Prieto,16,9,4,4,16,15,6,6,5,3,0,0,2.05,3.2,4.0
30/08/15,Las Palmas,Levante,0,0,D,0,0,D,Pedro Pérez,16,3,2,2,14,21,3,0,2,4,0,0,1.91,3.3,4.5
30/08/15,Sevilla,Ath Madrid,0,3,A,0,1,A,Carlos Clos Gómez,25,17,7,7,17,13,11,1,3,4,0,0,2.8,3.2,2.63
30/08/15,Valencia,La Coruna,1,1,D,1,1,D,José González,12,12,5,3,13,15,5,7,2,1,1,0,1.44,4.33,8.0
11/09/15,Levante,Sevilla,1,1,D,0,1,A,Ignacio Iglesias,14,8,4,3,12,8,5,4,3,3,0,0,4.75,3.75,1.75
12/09/15,Ath Madrid,Barcelona,1,2,A,0,0,D,Antonio Matéu Lahoz,11,13,3,5,17,5,1,10,3,1,0,0,3.3,3.2,2.3
12/09/15,Betis,Sociedad,1,0,H,1,0,H,Alfonso Álvarez,9,15,2,3,12,9,2,4,4,3,1,0,2.3,3.3,3.2
12/09/15,Espanol,Real Madrid,0,6,A,0,4,A,Iñaki Bikandi,14,15,3,8,19,10,5,6,2,2,0,0,10.0,5.0,1.33
12/09/15,Sp Gijon,Valencia,0,1,A,0,0,D,Carlos del Cerro,16,17,8,3,16,11,5,6,3,3,0,0,3.4,3.2,2.25
13/09/15,Ath Bilbao,Getafe,3,1,H,2,0,H,Pedro Pérez,14,11,6,3,12,15,12,5,1,4,0,0,1.57,3.75,7.0
13/09/15,Celta,Las Palmas,3,3,D,2,1,H,Daniel Ask,26,9,12,5,19,14,7,2,0,3,0,1,1.5,4.2,7.0
13/09/15,Granada,Villarreal,1,3,A,0,0,D,Jesús Gil,13,8,2,5,16,21,8,6,2,4,0,0,3.5,3.1,2.25
13/09/15,Malaga,Eibar,0,0,D,0,0,D,Alberto Undiano,10,7,4,0,11,13,7,3,2,4,0,0,1.75,3.5,5.25
14/09/15,Vallecano,La Coruna,1,3,A,1,2,A,Ricardo de Burgos,8,14,2,8,12,10,5,4,2,2,1,0,2.1,3.5,3.5
18/09/15,Getafe,Malaga,1,0,H,1,0,H,José Sánchez,10,13,4,3,18,11,4,7,5,2,0,0,2.6,3.1,2.9
19/09/15,Eibar,Ath Madrid,0,2,A,0,0,D,Alejandro Hernández,9,14,3,6,13,7,1,4,2,1,0,0,7.0,3.75,1.57
19/09/15,Real Madrid,Granada,1,0,H,0,0,D,Juan Martínez,20,12,10,3,9,15,10,1,1,3,0,0,1.06,15.0,26.0
19/09/15,Sociedad,Espanol,2,3,A,1,1,D,Pedro Pérez,10,18,3,6,15,16,7,6,2,3,1,0,2.0,3.4,4.0
19/09/15,Valencia,Betis,0,0,D,0,0,D,Carlos Velasco,22,3,5,1,17,15,7,1,4,2,0,1,1.5,4.33,6.5
20/09/15,Barcelona,Levante,4,1,H,0,0,D,David Fernández,21,11,8,4,8,16,4,4,0,1,0,0,1.06,12.0,29.0
20/09/15,La Coruna,Sp Gijon,2,3,A,2,3,A,Eduardo Prieto,19,4,9,4,11,16,8,3,3,3,0,0,2.05,3.1,4.2
20/09/15,Las Palmas,Vallecano,0,1,A,0,1,A,José González,8,17,2,6,13,19,3,5,3,5,0,0,1.91,3.5,4.0
20/09/15,Sevilla,Celta,1,2,A,0,2,A,Santiago Jaime,13,15,5,5,16,16,5,5,3,5,0,1,1.8,3.75,4.33
20/09/15,Villarreal,Ath Bilbao,3,1,H,1,0,H,Carlos Clos Gómez,14,11,7,2,17,6,9,4,4,4,0,0,2.0,3.5,3.75
22/09/15,Ath Madrid,Getafe,2,0,H,1,0,H,Alfonso Álvarez,12,6,3,2,14,10,6,1,3,2,0,0,1.25,5.5,15.0
22/09/15,Espanol,Valencia,1,0,H,1,0,H,Ignacio Iglesias,17,10,5,4,22,14,7,6,5,7,0,0,3.25,3.25,2.3
22/09/15,Granada,Sociedad,0,3,A,0,2,A,Daniel Ask,11,8,1,5,20,18,4,3,5,4,0,0,2.4,3.1,3.2
23/09/15,Ath Bilbao,Real Madrid,1,2,A,0,1,A,Antonio Matéu Lahoz,11,22,5,6,17,10,6,8,4,3,0,0,5.25,4.2,1.62
23/09/15,Celta,Barcelona,4,1,H,2,0,H,Alberto Undiano,18,18,5,7,19,4,5,10,2,2,0,0,6.5,4.5,1.5
23/09/15,Las Palmas,Sevilla,2,0,H,1,0,H,Carlos del Cerro,12,17,4,3,9,13,5,5,3,4,0,0,3.3,3.4,2.2
23/09/15,Levante,Eibar,2,2,D,0,1,A,Carlos Velasco,12,10,2,4,13,23,4,7,2,5,0,0,2.38,3.1,3.25
23/09/15,Malaga,Villarreal,0,1,A,0,0,D,Ricardo de Burgos,15,9,4,3,18,14,8,5,2,3,0,0,2.63,3.3,2.75
23/09/15,Vallecano,Sp Gijon,2,1,H,1,0,H,Iñaki Bikandi,18,5,6,2,14,17,4,4,2,1,0,1,2.25,3.4,3.2
24/09/15,Betis,La Coruna,1,2,A,0,0,D,Jesús Gil,9,8,2,3,11,22,3,4,3,5,0,0,2.25,3.3,3.3
25/09/15,Valencia,Granada,1,0,H,1,0,H,Carlos Clos Gómez,12,18,5,3,19,20,11,3,3,3,0,0,1.45,4.5,7.5
26/09/15,Barcelona,Las Palmas,2,1,H,1,0,H,Ricardo de Burgos,18,10,6,6,12,23,3,4,2,4,0,0,1.08,11.0,26.0
26/09/15,Eibar,Celta,1,1,D,1,0,H,Pedro Pérez,10,9,3,2,25,16,4,4,5,4,0,0,3.75,3.4,2.05
26/09/15,Real Madrid,Malaga,0,0,D,0,0,D,José González,31,12,9,3,11,10,12,6,4,4,0,1,1.11,10.0,21.0
26/09/15,Sevilla,Vallecano,3,2,H,2,0,H,Alejandro Hernández,17,18,8,5,9,18,6,5,1,2,0,1,1.44,4.75,7.0
26/09/15,Villarreal,Ath Madrid,1,0,H,1,0,H,David Fernández,5,9,2,4,11,15,1,5,2,2,0,0,2.9,3.1,2.6
27/09/15,Getafe,Levante,3,0,H,0,0,D,Santiago Jaime,15,10,8,3,11,10,4,4,2,3,0,0,1.95,3.3,4.2
27/09/15,La Coruna,Espanol,3,0,H,2,0,H,José Sánchez,14,7,5,3,11,11,7,5,4,3,0,1,2.1,3.3,3.75
27/09/15,Sociedad,Ath Bilbao,0,0,D,0,0,D,Carlos Velasco,14,9,4,2,15,19,4,2,3,4,0,0,2.4,3.2,3.0
27/09/15,Sp Gijon,Betis,1,2,A,1,0,H,Juan Martínez,19,13,10,5,11,9,10,4,1,1,0,0,2.3,3.2,3.3
02/10/15,Celta,Getafe,0,0,D,0,0,D,Eduardo Prieto,18,8,7,2,11,18,9,1,1,5,0,0,1.44,4.5,7.5
03/10/15,Espanol,Sp Gijon,1,2,A,0,1,A,Carlos Clos Gómez,13,12,9,2,17,16,9,1,3,3,0,0,2.0,3.3,4.0
03/10/15,Granada,La Coruna,1,1,D,0,1,A,Iñaki Bikandi,10,14,3,3,13,21,2,5,1,3,0,0,2.6,3.2,2.8
03/10/15,Las Palmas,Eibar,0,2,A,0,1,A,Antonio Matéu Lahoz,18,9,4,4,5,16,3,2,2,2,0,0,2.1,3.3,3.75
03/10/15,Malaga,Sociedad,3,1,H,2,1,H,Carlos del Cerro,11,13,7,5,15,16,2,4,3,2,1,0,2.38,3.1,3.3
03/10/15,Sevilla,Barcelona,2,1,H,0,0,D,Jesús Gil,12,28,5,9,16,16,7,9,5,3,0,0,4.0,3.6,1.91
04/10/15,Ath Bilbao,Valencia,3,1,H,1,1,D,Daniel Ask,16,9,7,4,12,9,11,4,0,4,0,0,2.3,3.3,3.2
04/10/15,Ath Madrid,Real Madrid,1,1,D,0,1,A,Alberto Undiano,18,9,4,2,19,12,5,1,6,4,0,0,3.2,3.3,2.3
04/10/15,Levante,Villarreal,1,0,H,0,0,D,Alfonso Álvarez,15,3,5,2,15,17,8,2,4,3,0,1,4.33,3.4,1.91
04/10/15,Vallecano,Betis,0,2,A,0,1,A,Ignacio Iglesias,23,9,9,6,13,14,8,3,4,2,0,0,2.2,3.5,3.2
17/10/15,Barcelona,Vallecano,5,2,H,2,1,H,Pedro Pérez,14,22,9,8,8,15,7,10,1,2,0,0,1.14,9.0,15.0
17/10/15,Betis,Espanol,1,3,A,0,1,A,Ricardo de Burgos,21,13,6,4,18,21,4,3,2,4,0,0,2.0,3.3,4.0
17/10/15,Eibar,Sevilla,1,1,D,1,0,H,Juan Martínez,14,15,4,5,16,9,2,5,3,3,0,0,3.6,3.4,2.1
17/10/15,Real Madrid,Levante,3,0,H,2,0,H,José Sánchez,20,15,6,5,8,10,4,4,1,4,0,0,1.08,12.0,23.0
17/10/15,Valencia,Malaga,3,0,H,2,0,H,Alejandro Hernández,6,10,3,3,18,21,6,8,3,3,0,0,1.62,3.75,6.0
18/10/15,Getafe,Las Palmas,4,0,H,2,0,H,David Fernández,14,16,7,3,18,15,5,1,2,1,0,1,2.15,3.2,3.6
18/10/15,La Coruna,Ath Bilbao,2,2,D,0,1,A,Santiago Jaime,16,7,3,2,8,18,4,6,2,2,0,0,2.7,3.1,2.8
18/10/15,Sociedad,Ath Madrid,0,2,A,0,1,A,Ignacio Iglesias,11,7,1,3,14,11,5,2,4,5,2,0,4.0,3.2,2.05
18/10/15,Villarreal,Celta,1,2,A,0,1,A,José González,12,13,3,2,10,12,7,4,1,3,1,0,2.0,3.5,3.75
19/10/15,Sp Gijon,Granada,3,3,D,1,2,A,Alfonso Álvarez,16,14,6,7,10,13,6,1,3,4,0,2,2.0,3.2,4.2
23/10/15,Vallecano,Espanol,3,0,H,1,0,H,Eduardo Prieto,13,9,7,3,15,11,6,5,2,1,1,1,2.2,3.4,3.2
24/10/15,Celta,Real Madrid,1,3,A,0,2,A,Carlos Clos Gómez,17,14,7,8,17,16,5,7,4,1,1,0,3.8,3.8,1.91
24/10/15,Granada,Betis,1,1,D,1,1,D,Antonio Matéu Lahoz,17,7,7,2,8,11,3,3,3,3,0,0,2.3,3.25,3.25
24/10/15,Malaga,La Coruna,2,0,H,0,0,D,Carlos Velasco,9,10,4,1,11,10,3,5,0,1,0,0,2.25,3.25,3.4
24/10/15,Sevilla,Getafe,5,0,H,2,0,H,Iñaki Bikandi,22,6,13,0,18,15,7,3,1,1,0,1,1.44,4.33,8.0
25/10/15,Ath Madrid,Valencia,2,1,H,2,0,H,Jesús Gil,16,6,8,1,26,10,9,2,4,4,0,0,1.57,3.8,6.5
25/10/15,Barcelona,Eibar,3,1,H,1,1,D,Carlos del Cerro,14,7,5,5,14,18,6,2,3,5,1,0,1.11,10.0,19.0
25/10/15,Las Palmas,Villarreal,0,0,D,0,0,D,Daniel Ask,6,5,2,0,12,14,6,6,1,2,0,0,3.5,3.25,2.2
25/10/15,Levante,Sociedad,0,4,A,0,2,A,Alberto Undiano,13,13,3,6,24,15,10,3,4,3,1,0,2.63,3.2,2.8
26/10/15,Ath Bilbao,Sp Gijon,3,0,H,2,0,H,Ignacio Iglesias,20,6,6,0,8,15,9,3,1,3,0,0,1.53,4.0,7.0
30/10/15,La Coruna,Ath Madrid,1,1,D,0,1,A,Pedro Pérez,7,12,3,3,4,9,1,5,2,0,0,0,5.5,3.4,1.7
31/10/15,Getafe,Barcelona,0,2,A,0,1,A,Juan Martínez,6,14,0,6,10,3,3,5,3,0,0,0,10.0,5.75,1.29
31/10/15,Real Madrid,Las Palmas,3,1,H,3,1,H,Santiago Jaime,17,8,11,5,12,9,6,3,0,3,0,0,1.09,11.0,23.0
31/10/15,Sociedad,Celta,2,3,A,2,1,H,David Fernández,20,16,5,8,9,12,8,7,2,5,0,0,2.7,3.2,2.75
31/10/15,Valencia,Levante,3,0,H,0,0,D,Ricardo de Burgos,13,10,6,5,19,21,5,5,2,3,0,0,1.44,4.5,7.5
31/10/15,Villarreal,Sevilla,2,1,H,1,0,H,José Sánchez,11,6,5,3,17,14,7,5,5,3,0,0,2.25,3.4,3.25
01/11/15,Betis,Ath Bilbao,1,3,A,0,2,A,José González,11,23,3,9,9,13,7,9,2,4,0,0,3.25,3.25,2.3
01/11/15,Eibar,Vallecano,1,0,H,1,0,H,Alfonso Álvarez,12,6,1,2,17,11,2,6,2,3,0,0,2.2,3.4,3.3
01/11/15,Espanol,Granada,1,1,D,0,0,D,Alejandro Hernández,10,9,4,5,16,19,5,6,1,6,1,0,2.0,3.3,4.0
01/11/15,Sp Gijon,Malaga,1,0,H,1,0,H,Antonio Matéu Lahoz,8,13,6,5,11,8,7,5,1,3,0,0,2.38,3.2,3.2
06/11/15,Las Palmas,Sociedad,2,0,H,1,0,H,Carlos Velasco,8,11,4,6,17,14,0,8,1,4,0,0,2.75,3.1,2.75
07/11/15,Celta,Valencia,1,5,A,1,2,A,Iñaki Bikandi,17,9,3,5,16,27,15,5,1,3,0,0,1.85,3.75,4.2
07/11/15,Eibar,Getafe,3,1,H,2,1,H,Ignacio Iglesias,16,10,7,4,13,9,5,7,3,1,0,1,2.1,3.25,3.75
07/11/15,Levante,La Coruna,1,1,D,0,1,A,Carlos del Cerro,15,9,5,5,13,10,9,5,4,2,0,0,2.6,3.1,2.9
07/11/15,Malaga,Betis,0,1,A,0,0,D,Eduardo Prieto,12,7,5,2,16,12,6,3,2,5,0,0,1.95,3.5,4.0
07/11/15,Vallecano,Granada,2,1,H,2,0,H,Jesús Gil,7,8,2,2,15,14,4,1,2,3,1,0,1.95,3.5,4.0
08/11/15,Ath Bilbao,Espanol,2,1,H,1,0,H,Alberto Undiano,8,5,2,1,17,25,4,5,2,6,0,0,1.44,4.5,7.5
08/11/15,Ath Madrid,Sp Gijon,1,0,H,0,0,D,Daniel Ask,15,9,3,2,14,15,5,1,4,3,0,0,1.2,6.5,17.0
08/11/15,Barcelona,Villarreal,3,0,H,0,0,D,Carlos Clos Gómez,20,5,9,2,12,19,7,2,5,3,0,0,1.3,5.5,10.0
08/11/15,Sevilla,Real Madrid,3,2,H,1,1,D,José González,14,28,5,10,13,11,4,6,1,1,0,0,3.6,4.0,1.91
21/11/15,Espanol,Malaga,2,0,H,2,0,H,Juan Martínez,7,14,3,5,20,16,3,8,3,2,0,0,2.4,3.2,3.1
21/11/15,La Coruna,Celta,2,0,H,1,0,H,Alfonso Álvarez,5,6,2,4,16,13,2,10,6,3,0,0,3.3,3.4,2.2
21/11/15,Real Madrid,Barcelona,0,4,A,0,2,A,David Fernández,13,18,7,7,13,10,10,4,3,2,1,0,2.5,3.75,2.8
21/11/15,Sociedad,Sevilla,2,0,H,0,0,D,Antonio Matéu Lahoz,14,12,7,5,6,14,7,5,2,1,0,0,2.63,3.3,2.7
21/11/15,Valencia,Las Palmas,1,1,D,1,0,H,Pedro Pérez,9,18,3,7,22,12,1,8,3,3,0,0,1.44,4.2,7.5
22/11/15,Betis,Ath Madrid,0,1,A,0,1,A,Santiago Jaime,6,11,3,4,12,8,2,6,1,4,0,0,5.5,3.8,1.67
22/11/15,Granada,Ath Bilbao,2,0,H,1,0,H,Carlos del Cerro,8,11,1,6,21,15,2,7,6,3,0,0,3.75,3.3,2.1
22/11/15,Sp Gijon,Levante,0,3,A,0,3,A,Mario Melero,13,13,2,6,15,15,5,3,4,5,0,0,2.2,3.2,3.5
22/11/15,Villarreal,Eibar,1,1,D,0,1,A,Eduardo Prieto,12,17,5,7,8,13,12,6,3,2,0,1,1.53,4.0,7.0
23/11/15,Getafe,Vallecano,1,1,D,0,0,D,Ricardo de Burgos,15,8,8,4,20,15,5,7,5,4,0,0,2.4,3.3,3.0
27/11/15,Levante,Betis,0,1,A,0,1,A,José Sánchez,14,11,1,5,12,15,7,4,6,4,1,1,2.05,3.4,3.75
28/11/15,Ath Madrid,Espanol,1,0,H,1,0,H,Iñaki Bikandi,21,5,6,0,16,26,6,2,0,4,0,0,1.22,6.0,15.0
28/11/15,Barcelona,Sociedad,4,0,H,2,0,H,Ignacio Iglesias,11,10,6,2,11,14,6,4,0,5,0,0,1.07,13.0,23.0
28/11/15,Celta,Sp Gijon,2,1,H,1,0,H,Santiago Jaime,6,9,4,2,14,9,3,5,3,0,0,0,1.4,5.0,7.5
28/11/15,Las Palmas,La Coruna,0,2,A,0,1,A,Carlos Clos Gómez,8,10,5,5,14,13,6,4,4,3,0,0,2.3,3.3,3.2
28/11/15,Malaga,Granada,2,2,D,1,0,H,Daniel Ask,12,11,7,4,15,20,7,4,2,6,1,0,1.83,3.4,4.75
29/11/15,Eibar,Real Madrid,0,2,A,0,1,A,Jesús Gil,8,17,3,6,20,7,6,5,3,4,0,0,7.5,5.0,1.4
29/11/15,Getafe,Villarreal,2,0,H,1,0,H,José González,11,7,5,0,11,15,6,6,4,2,0,0,3.0,3.3,2.4
29/11/15,Sevilla,Valencia,1,0,H,0,0,D,Carlos Velasco,15,0,5,0,26,20,17,0,3,2,0,2,1.75,4.0,4.33
29/11/15,Vallecano,Ath Bilbao,0,3,A,0,2,A,Alejandro Hernández,15,10,3,4,16,14,6,2,4,0,0,1,3.1,3.4,2.3
05/12/15,Betis,Celta,1,1,D,0,1,A,Alejandro Hernández,27,5,6,1,9,16,8,0,5,5,0,1,3.3,3.5,2.15
05/12/15,Granada,Ath Madrid,0,2,A,0,1,A,Eduardo Prieto,18,11,3,4,7,8,6,8,2,1,0,0,7.0,3.75,1.57
05/12/15,La Coruna,Sevilla,1,1,D,1,0,H,Ricardo de Burgos,8,8,4,2,10,9,6,2,2,3,0,0,3.0,3.3,2.4
05/12/15,Real Madrid,Getafe,4,1,H,4,0,H,Antonio Matéu Lahoz,16,7,8,3,9,12,3,4,1,0,0,0,1.1,11.0,21.0
05/12/15,Valencia,Barcelona,1,1,D,0,0,D,Santiago Jaime,10,16,3,5,13,15,0,6,3,1,0,0,9.0,6.0,1.3
06/12/15,Ath Bilbao,Malaga,0,0,D,0,0,D,Alfonso Álvarez,11,7,2,2,7,21,6,1,2,3,1,0,1.45,4.33,7.5
06/12/15,Sociedad,Eibar,2,1,H,1,1,D,Mario Melero,10,5,7,1,12,16,4,3,3,3,0,0,1.85,3.5,4.5
06/12/15,Sp Gijon,Las Palmas,3,1,H,1,1,D,Alberto Undiano,21,12,9,7,9,10,8,4,2,1,0,1,2.3,3.3,3.25
06/12/15,Villarreal,Vallecano,2,1,H,0,1,A,Daniel Ask,14,8,5,4,16,14,5,4,1,4,0,0,1.57,3.8,6.5
07/12/15,Espanol,Levante,1,1,D,0,1,A,Carlos Velasco,9,12,1,5,13,14,2,6,4,5,0,0,2.0,3.5,3.8
11/12/15,Getafe,Sociedad,1,1,D,0,0,D,Pedro Pérez,9,10,5,6,15,12,5,5,3,3,0,0,2.88,3.2,2.6
12/12/15,Barcelona,La Coruna,2,2,D,1,0,H,José Sánchez,17,13,7,4,4,11,6,2,0,2,0,0,1.07,13.0,26.0
12/12/15,Celta,Espanol,1,0,H,1,0,H,David Fernández,16,6,3,2,13,23,4,9,3,2,1,0,1.53,4.33,6.0
12/12/15,Las Palmas,Betis,1,0,H,0,0,D,Jesús Gil,16,8,4,2,10,9,2,2,3,0,0,0,2.15,3.3,3.5
12/12/15,Levante,Granada,1,2,A,0,0,D,Iñaki Bikandi,7,8,5,3,25,27,2,1,2,2,0,0,2.1,3.1,4.0
12/12/15,Sevilla,Sp Gijon,2,0,H,0,0,D,Carlos del Cerro,18,4,7,1,13,10,3,1,3,2,0,1,1.36,5.0,8.5
13/12/15,Ath Madrid,Ath Bilbao,2,1,H,1,1,D,Juan Martínez,8,10,4,5,13,10,3,6,1,1,0,0,1.57,3.75,7.0
13/12/15,Eibar,Valencia,1,1,D,1,0,H,José González,14,6,5,1,20,14,9,2,4,4,1,1,2.45,3.2,3.0
13/12/15,Vallecano,Malaga,1,2,A,1,0,H,Carlos Clos Gómez,13,15,3,5,13,17,6,7,1,2,0,0,2.3,3.25,3.25
13/12/15,Villarreal,Real Madrid,1,0,H,1,0,H,Alberto Undiano,7,20,3,1,11,9,3,9,2,2,0,0,5.0,4.2,1.65
19/12/15,Betis,Sevilla,0,0,D,0,0,D,Carlos Clos Gómez,12,8,0,2,23,19,8,8,7,5,0,0,3.75,3.5,2.0
19/12/15,Espanol,Las Palmas,1,0,H,0,0,D,Mario Melero,12,9,2,4,29,21,7,5,4,4,0,0,2.05,3.4,3.75
19/12/15,La Coruna,Eibar,2,0,H,1,0,H,Daniel Ask,13,13,3,1,10,11,9,8,0,2,1,0,2.0,3.3,4.0
19/12/15,Valencia,Getafe,2,2,D,2,2,D,David Fernández,12,9,7,3,13,20,5,1,2,6,0,0,1.67,3.75,5.5
20/12/15,Ath Bilbao,Levante,2,0,H,0,0,D,Alejandro Hernández,18,6,7,1,15,17,10,3,0,5,0,0,1.4,4.5,9.0
20/12/15,Granada,Celta,0,2,A,0,2,A,Juan Martínez,11,10,1,4,17,11,9,3,4,2,0,0,3.2,3.3,2.3
20/12/15,Malaga,Ath Madrid,1,0,H,0,0,D,Antonio Matéu Lahoz,17,6,4,3,9,13,4,1,3,4,0,1,5.25,3.5,1.75
20/12/15,Real Madrid,Vallecano,10,2,H,4,2,H,Ignacio Iglesias,30,9,15,4,12,12,10,4,1,2,0,2,1.1,11.0,21.0
20/12/15,Sociedad,Villarreal,0,2,A,0,1,A,Carlos del Cerro,16,7,2,5,12,21,9,1,2,1,0,0,2.4,3.2,3.1
30/12/15,Barcelona,Betis,4,0,H,2,0,H,Iñaki Bikandi,16,11,7,4,16,20,2,3,1,3,0,0,1.06,13.0,26.0
30/12/15,Celta,Ath Bilbao,0,1,A,0,0,D,Pedro Pérez,7,13,3,5,11,11,3,3,3,4,0,0,2.38,3.3,2.9
30/12/15,Eibar,Sp Gijon,2,0,H,0,0,D,Carlos Velasco,16,6,5,0,16,17,5,7,3,3,0,0,1.85,3.5,4.2
30/12/15,Getafe,La Coruna,0,0,D,0,0,D,Alberto Undiano,15,10,5,3,9,8,9,2,3,1,0,0,2.5,3.2,2.88
30/12/15,Las Palmas,Granada,4,1,H,1,0,H,Santiago Jaime,7,11,4,4,5,21,4,4,2,5,0,1,2.0,3.3,3.75
30/12/15,Levante,Malaga,0,1,A,0,0,D,Jesús Gil,7,9,1,5,20,12,6,5,7,5,0,0,2.75,3.0,2.75
30/12/15,Real Madrid,Sociedad,3,1,H,1,0,H,José González,23,13,13,2,12,9,13,2,1,4,0,0,1.1,10.0,19.0
30/12/15,Sevilla,Espanol,2,0,H,2,0,H,Ignacio Iglesias,15,12,10,1,15,16,6,6,3,3,0,0,1.4,4.75,7.0
30/12/15,Vallecano,Ath Madrid,0,2,A,0,0,D,José Sánchez,10,17,3,6,12,15,3,8,3,3,0,0,6.5,3.8,1.53
31/12/15,Villarreal,Valencia,1,0,H,0,0,D,Alfonso Álvarez,9,6,3,2,21,19,3,6,1,3,0,0,1.8,3.5,4.5
02/01/16,Ath Madrid,Levante,1,0,H,0,0,D,Carlos Clos Gómez,16,9,2,1,12,14,13,1,0,4,0,0,1.2,6.5,17.0
02/01/16,Espanol,Barcelona,0,0,D,0,0,D,José González,4,10,1,2,22,10,6,10,5,3,0,0,14.0,7.0,1.2
02/01/16,Malaga,Celta,2,0,H,2,0,H,Iñaki Bikandi,14,8,4,1,22,11,5,2,4,2,0,1,2.4,3.3,3.0
03/01/16,Ath Bilbao,Las Palmas,2,2,D,1,0,H,Carlos del Cerro,16,11,5,5,24,13,5,5,3,4,0,0,1.36,5.0,8.5
03/01/16,Betis,Eibar,0,4,A,0,2,A,Eduardo Prieto,9,6,5,5,16,14,6,2,4,3,0,0,2.4,3.25,3.1
03/01/16,Granada,Sevilla,2,1,H,2,1,H,Alberto Undiano,9,14,4,7,17,13,2,9,2,2,0,1,4.33,3.6,1.85
03/01/16,La Coruna,Villarreal,1,2,A,0,1,A,David Fernández,11,6,4,4,13,11,9,3,3,3,0,0,2.7,3.2,2.7
03/01/16,Valencia,Real Madrid,2,2,D,1,1,D,José Sánchez,11,17,4,4,18,17,4,7,1,1,0,1,6.0,4.33,1.53
03/01/16,Vallecano,Sociedad,2,2,D,1,1,D,Antonio Matéu Lahoz,12,15,5,7,15,11,7,7,3,3,0,0,2.63,3.3,2.75
04/01/16,Sp Gijon,Getafe,1,2,A,1,0,H,Daniel Ask,17,11,4,2,13,14,4,2,3,3,0,0,2.25,3.3,3.3
09/01/16,Barcelona,Granada,4,0,H,2,0,H,Carlos Velasco,17,8,8,4,14,19,7,0,1,4,0,0,1.05,15.0,34.0
09/01/16,Getafe,Betis,1,0,H,0,0,D,Alfonso Álvarez,8,11,3,2,19,11,8,4,1,3,0,0,1.95,3.5,4.0
09/01/16,Levante,Vallecano,2,1,H,0,0,D,Mario Melero,10,10,4,4,16,15,5,5,5,1,0,0,2.15,3.4,3.4
09/01/16,Real Madrid,La Coruna,5,0,H,2,0,H,Pedro Pérez,23,18,9,4,9,8,5,9,0,3,0,0,1.11,9.0,21.0
09/01/16,Sevilla,Ath Bilbao,2,0,H,1,0,H,Eduardo Prieto,4,11,4,3,14,13,6,8,2,3,0,0,2.1,3.5,3.5
10/01/16,Celta,Ath Madrid,0,2,A,0,0,D,Ricardo de Burgos,6,10,1,3,14,14,4,4,2,1,0,0,4.5,3.5,1.8
10/01/16,Eibar,Espanol,2,1,H,1,1,D,Santiago Jaime,20,7,6,4,13,15,8,2,3,2,0,0,2.0,3.3,4.0
10/01/16,Las Palmas,Malaga,1,1,D,0,0,D,Ignacio Iglesias,5,11,3,3,21,11,2,5,5,4,0,0,2.7,3.1,2.8
10/01/16,Sociedad,Valencia,2,0,H,0,0,D,Alejandro Hernández,24,10,7,3,16,13,5,6,3,4,0,0,2.25,3.3,3.3
10/01/16,Villarreal,Sp Gijon,2,0,H,1,0,H,Jesús Gil,7,12,4,2,10,12,3,9,4,2,0,0,1.5,4.33,6.5
16/01/16,Celta,Levante,4,3,H,2,0,H,Carlos del Cerro,14,17,6,7,14,16,6,2,1,4,0,0,1.62,3.8,6.0
16/01/16,Sevilla,Malaga,2,1,H,2,0,H,Daniel Ask,8,14,4,3,21,21,6,4,2,2,1,1,1.67,3.8,5.25
16/01/16,Sociedad,La Coruna,1,1,D,0,1,A,Juan Martínez,16,7,6,4,9,11,9,4,1,3,0,0,1.95,3.3,4.2
16/01/16,Villarreal,Betis,0,0,D,0,0,D,José González,9,15,2,2,12,11,7,11,2,1,0,0,1.45,4.33,8.0
17/01/16,Barcelona,Ath Bilbao,6,0,H,2,0,H,Antonio Matéu Lahoz,20,9,8,3,6,7,6,2,2,2,0,1,1.14,8.0,19.0
17/01/16,Getafe,Espanol,3,1,H,2,1,H,Carlos Clos Gómez,18,13,4,6,12,13,3,7,2,2,0,0,2.2,3.2,3.5
17/01/16,Las Palmas,Ath Madrid,0,3,A,0,1,A,Iñaki Bikandi,11,11,3,5,7,21,3,4,0,2,0,0,6.5,3.6,1.62
17/01/16,Real Madrid,Sp Gijon,5,1,H,5,0,H,Alberto Undiano,17,9,10,2,10,15,4,4,1,1,0,0,1.05,17.0,26.0
17/01/16,Valencia,Vallecano,2,2,D,0,1,A,Eduardo Prieto,13,18,5,8,17,20,7,9,1,3,0,0,1.62,4.0,5.5
18/01/16,Eibar,Granada,5,1,H,2,0,H,José Sánchez,12,4,7,1,11,17,3,2,1,4,0,0,1.83,3.5,4.5
22/01/16,Sp Gijon,Sociedad,5,1,H,3,1,H,David Fernández,11,9,7,3,13,12,6,2,2,2,0,0,3.1,3.2,2.45
23/01/16,Espanol,Villarreal,2,2,D,2,1,H,Pedro Pérez,11,14,5,5,12,15,3,9,3,1,1,0,2.9,3.2,2.55
23/01/16,Granada,Getafe,3,2,H,2,0,H,Ricardo de Burgos,20,9,9,2,12,16,5,3,3,3,0,0,2.63,3.1,2.88
23/01/16,Malaga,Barcelona,1,2,A,1,1,D,Carlos Clos Gómez,15,12,9,6,16,9,4,3,3,3,0,0,8.5,5.5,1.33
23/01/16,Vallecano,Celta,3,0,H,3,0,H,Santiago Jaime,26,3,10,1,20,13,7,1,3,5,0,0,2.7,3.4,2.63
24/01/16,Ath Bilbao,Eibar,5,2,H,3,1,H,Jesús Gil,10,9,5,2,13,14,7,2,2,2,0,0,1.67,3.75,5.5
24/01/16,Ath Madrid,Sevilla,0,0,D,0,0,D,Ignacio Iglesias,21,7,3,1,13,13,8,5,4,3,0,1,1.67,3.5,6.0
24/01/16,Betis,Real Madrid,1,1,D,1,0,H,Juan Martínez,4,18,2,8,17,13,1,9,3,2,0,0,9.5,5.75,1.3
24/01/16,La Coruna,Valencia,1,1,D,1,0,H,Mario Melero,10,10,2,3,13,9,8,6,3,3,0,0,2.25,3.3,3.3
25/01/16,Levante,Las Palmas,3,2,H,1,0,H,Carlos Velasco,12,13,8,4,22,11,2,4,2,4,1,0,2.38,3.1,3.25
30/01/16,Barcelona,Ath Madrid,2,1,H,2,1,H,Alberto Undiano,10,7,4,4,7,18,8,6,0,3,0,2,1.5,4.2,7.0
30/01/16,Eibar,Malaga,1,2,A,0,1,A,Antonio Matéu Lahoz,11,7,3,4,9,15,1,2,1,3,0,0,2.38,3.25,3.0
30/01/16,Getafe,Ath Bilbao,0,1,A,0,1,A,Daniel Ask,11,13,3,3,13,18,7,5,2,5,1,0,3.4,3.3,2.2
30/01/16,Sociedad,Betis,2,1,H,2,0,H,Eduardo Prieto,11,8,4,1,13,9,3,4,1,4,0,0,1.67,3.75,5.5
30/01/16,Villarreal,Granada,1,0,H,0,0,D,Carlos del Cerro,12,7,6,2,10,11,8,0,4,3,0,0,1.44,4.5,7.5
31/01/16,Las Palmas,Celta,2,1,H,1,1,D,José Sánchez,13,5,5,2,13,18,7,3,6,2,0,1,2.38,3.3,3.1
31/01/16,Real Madrid,Espanol,6,0,H,4,0,H,Alejandro Hernández,18,15,7,5,20,20,3,1,1,5,0,0,1.1,11.0,21.0
31/01/16,Sevilla,Levante,3,1,H,1,0,H,Alfonso Álvarez,14,22,8,4,8,8,5,9,1,1,0,0,1.33,5.0,10.0
31/01/16,Valencia,Sp Gijon,0,1,A,0,0,D,José González,16,7,3,3,15,21,6,3,0,2,0,0,1.75,3.75,4.75
01/02/16,La Coruna,Vallecano,2,2,D,1,2,A,Iñaki Bikandi,17,7,5,3,6,15,5,4,0,0,0,0,1.91,3.6,4.0
05/02/16,Malaga,Getafe,3,0,H,3,0,H,Juan Martínez,8,6,4,2,10,10,4,6,3,3,0,0,1.57,3.75,6.5
06/02/16,Ath Bilbao,Villarreal,0,0,D,0,0,D,Mario Melero,10,2,1,2,19,20,5,3,4,4,1,1,1.83,3.6,4.5
06/02/16,Ath Madrid,Eibar,3,1,H,0,0,D,David Fernández,13,6,4,2,15,18,5,2,2,3,0,0,1.36,4.5,9.5
06/02/16,Sp Gijon,La Coruna,1,1,D,1,1,D,Alejandro Hernández,11,5,2,4,10,13,4,3,2,2,0,0,2.5,3.25,2.9
06/02/16,Vallecano,Las Palmas,2,0,H,1,0,H,Ignacio Iglesias,18,9,8,4,16,15,5,5,3,1,0,0,1.91,3.6,4.0
07/02/16,Betis,Valencia,1,0,H,0,0,D,José Sánchez,6,7,2,2,17,19,4,5,4,5,0,1,2.63,3.1,2.88
07/02/16,Celta,Sevilla,1,1,D,0,1,A,Carlos Velasco,25,9,5,2,15,16,10,5,3,3,0,1,3.2,3.3,2.3
07/02/16,Granada,Real Madrid,1,2,A,0,1,A,Jesús Gil,14,14,2,4,20,8,3,6,3,2,0,0,12.0,6.0,1.25
07/02/16,Levante,Barcelona,0,2,A,0,1,A,Pedro Pérez,11,11,3,4,15,10,2,5,4,3,0,0,15.0,7.5,1.18
08/02/16,Espanol,Sociedad,0,5,A,0,2,A,Santiago Jaime,5,12,1,6,13,11,4,5,1,2,0,0,2.7,3.1,2.8
12/02/16,Sp Gijon,Vallecano,2,2,D,2,1,H,Carlos Clos Gómez,11,15,5,4,14,12,3,7,3,4,0,0,2.38,3.4,3.0
13/02/16,La Coruna,Betis,2,2,D,1,2,A,Alberto Undiano,25,4,11,2,14,13,11,0,1,0,0,0,1.8,3.5,4.75
13/02/16,Real Madrid,Ath Bilbao,4,2,H,3,1,H,Alfonso Álvarez,19,10,9,3,6,8,5,2,1,2,1,0,1.29,6.0,9.5
13/02/16,Valencia,Espanol,2,1,H,0,0,D,Carlos del Cerro,17,19,4,6,8,19,9,9,1,3,0,0,1.75,3.6,5.0
13/02/16,Villarreal,Malaga,1,0,H,1,0,H,Iñaki Bikandi,12,7,5,2,13,15,5,1,2,1,0,0,2.05,3.3,3.8
14/02/16,Barcelona,Celta,6,1,H,1,1,D,Alejandro Hernández,19,10,11,4,10,16,1,1,0,4,0,0,1.08,11.0,26.0
14/02/16,Eibar,Levante,2,0,H,1,0,H,Daniel Ask,15,8,6,3,15,12,8,2,3,2,0,0,1.8,3.5,4.75
14/02/16,Getafe,Ath Madrid,0,1,A,0,1,A,Antonio Matéu Lahoz,11,6,0,3,9,9,5,4,2,3,0,0,6.5,3.8,1.57
14/02/16,Sevilla,Las Palmas,2,0,H,0,0,D,Eduardo Prieto,9,11,5,3,15,11,8,3,1,3,0,0,1.33,5.0,10.0
14/02/16,Sociedad,Granada,3,0,H,2,0,H,José González,12,15,6,2,9,18,7,13,1,2,0,0,1.53,4.0,6.5
17/02/16,Sp Gijon,Barcelona,1,3,A,1,2,A,Ricardo de Burgos,6,17,2,8,11,7,1,4,2,1,0,0,19.0,8.0,1.14
19/02/16,Levante,Getafe,3,0,H,2,0,H,José González,12,14,6,6,12,13,6,8,2,2,0,0,2.2,3.3,3.4
20/02/16,Betis,Sp Gijon,1,1,D,0,0,D,Alfonso Álvarez,17,4,6,3,15,25,10,4,2,3,0,0,2.05,3.3,3.8
20/02/16,Celta,Eibar,3,2,H,2,0,H,Mario Melero,14,7,9,3,6,25,6,1,3,2,0,0,2.0,3.5,3.8
20/02/16,Espanol,La Coruna,1,0,H,0,0,D,Ricardo de Burgos,16,17,9,3,19,4,7,4,3,1,0,0,2.38,3.3,3.0
20/02/16,Las Palmas,Barcelona,1,2,A,1,2,A,Carlos del Cerro,16,13,3,8,10,13,3,6,1,2,0,0,15.0,7.5,1.18
21/02/16,Ath Bilbao,Sociedad,0,1,A,0,1,A,José Sánchez,9,9,2,4,21,16,9,3,7,6,0,0,1.8,3.5,4.75
21/02/16,Ath Madrid,Villarreal,0,0,D,0,0,D,Eduardo Prieto,12,5,3,0,11,13,10,2,2,2,0,0,1.53,3.8,7.5
21/02/16,Granada,Valencia,1,2,A,0,0,D,Iñaki Bikandi,15,10,4,6,18,18,6,3,2,3,0,0,2.88,3.2,2.55
21/02/16,Malaga,Real Madrid,1,1,D,0,1,A,Ignacio Iglesias,11,14,5,7,14,12,6,6,5,2,0,0,4.75,3.8,1.73
21/02/16,Vallecano,Sevilla,2,2,D,1,2,A,Daniel Ask,13,14,4,7,14,23,3,17,6,2,0,0,3.1,3.6,2.2
26/02/16,Eibar,Las Palmas,0,1,A,0,1,A,Pedro Pérez,10,12,4,4,16,9,6,6,4,1,0,0,1.75,3.6,5.0
27/02/16,Betis,Vallecano,2,2,D,2,0,H,Antonio Matéu Lahoz,20,11,4,4,16,15,8,8,2,3,0,0,2.2,3.3,3.4
27/02/16,Getafe,Celta,0,1,A,0,0,D,David Fernández,14,9,2,3,11,14,4,5,3,4,0,0,3.2,3.3,2.3
27/02/16,Real Madrid,Ath Madrid,0,1,A,0,0,D,Carlos Clos Gómez,15,9,3,5,15,13,2,5,3,4,0,0,1.73,3.6,5.25
27/02/16,Sociedad,Malaga,1,1,D,0,0,D,Alberto Undiano,11,8,3,3,17,14,8,3,4,5,0,0,2.2,3.25,3.5
27/02/16,Sp Gijon,Espanol,2,4,A,1,1,D,Carlos Velasco,13,12,5,7,14,14,5,2,5,2,1,0,2.3,3.2,3.3
28/02/16,Barcelona,Sevilla,2,1,H,1,1,D,Santiago Jaime,17,11,8,4,13,10,6,7,3,2,0,0,1.14,8.0,15.0
28/02/16,La Coruna,Granada,0,1,A,0,1,A,Juan Martínez,13,10,2,3,12,12,6,6,2,3,1,0,1.8,3.5,4.75
28/02/16,Valencia,Ath Bilbao,0,3,A,0,0,D,Jesús Gil,9,13,3,4,9,13,7,7,2,0,0,0,2.3,3.2,3.3
28/02/16,Villarreal,Levante,3,0,H,2,0,H,Alejandro Hernández,9,7,3,1,15,12,3,4,0,2,0,1,1.67,3.6,5.75
01/03/16,Ath Madrid,Sociedad,3,0,H,1,0,H,Alejandro Hernández,12,7,5,1,19,10,8,1,1,2,0,0,1.4,4.33,9.0
01/03/16,Las Palmas,Getafe,4,0,H,2,0,H,Mario Melero,11,10,5,2,20,12,2,6,5,2,0,1,2.05,3.4,3.75
02/03/16,Ath Bilbao,La Coruna,4,1,H,2,0,H,Antonio Matéu Lahoz,12,7,6,4,5,14,1,2,1,3,0,0,1.53,4.0,7.0
02/03/16,Celta,Villarreal,0,0,D,0,0,D,Santiago Jaime,11,6,4,3,9,2,2,1,2,5,0,0,2.2,3.3,3.4
02/03/16,Levante,Real Madrid,1,3,A,1,2,A,Ricardo de Burgos,11,21,4,8,12,11,3,10,2,1,0,0,7.0,4.75,1.44
02/03/16,Malaga,Valencia,1,2,A,1,1,D,José González,10,11,1,2,19,16,4,5,6,5,0,0,2.05,3.3,3.8
02/03/16,Sevilla,Eibar,1,0,H,1,0,H,Juan Martínez,14,11,4,6,12,13,12,6,1,2,0,1,1.4,4.75,8.0
03/03/16,Espanol,Betis,0,3,A,0,2,A,José Sánchez,16,9,3,6,20,13,5,0,4,2,0,0,1.95,3.5,4.0
03/03/16,Granada,Sp Gijon,2,0,H,0,0,D,Daniel Ask,13,4,8,0,24,13,4,1,7,3,0,1,2.1,3.3,3.75
03/03/16,Vallecano,Barcelona,1,5,A,0,2,A,Iñaki Bikandi,8,20,4,8,17,9,3,5,0,2,2,0,13.0,7.0,1.2
05/03/16,Getafe,Sevilla,1,1,D,0,0,D,Eduardo Prieto,13,7,3,4,12,14,10,9,5,2,0,0,3.8,3.5,2.0
05/03/16,La Coruna,Malaga,3,3,D,1,1,D,Carlos Velasco,14,5,7,2,11,13,10,4,4,2,0,1,2.5,3.1,3.0
05/03/16,Real Madrid,Celta,7,1,H,1,0,H,Jesús Gil,20,8,12,3,13,12,10,5,2,3,0,0,1.3,6.0,8.0
05/03/16,Villarreal,Las Palmas,0,1,A,0,1,A,Carlos Clos Gómez,13,10,2,3,9,8,6,2,1,2,0,0,1.62,3.75,6.0
06/03/16,Betis,Granada,2,0,H,0,0,D,Ignacio Iglesias,10,10,4,4,9,19,6,4,3,7,1,1,2.1,3.4,3.6
06/03/16,Eibar,Barcelona,0,4,A,0,2,A,Alberto Undiano,7,9,0,7,18,10,6,2,3,2,0,0,10.0,6.5,1.25
06/03/16,Sociedad,Levante,1,1,D,1,1,D,Pedro Pérez,15,10,3,3,12,16,10,3,3,3,0,0,1.57,3.75,7.0
06/03/16,Sp Gijon,Ath Bilbao,0,2,A,0,1,A,Carlos del Cerro,5,10,1,6,17,14,3,0,1,1,0,1,4.0,3.3,2.0
06/03/16,Valencia,Ath Madrid,1,3,A,1,1,D,Alfonso Álvarez,10,21,3,5,13,11,6,7,1,1,1,0,4.0,3.3,2.0
07/03/16,Espanol,Vallecano,2,1,H,1,0,H,David Fernández,9,7,8,1,16,15,8,3,3,4,1,0,1.95,3.5,4.0
11/03/16,Malaga,Sp Gijon,1,0,H,1,0,H,Ricardo de Burgos,13,9,3,4,8,13,3,4,2,4,0,0,1.62,3.8,6.0
12/03/16,Ath Madrid,La Coruna,3,0,H,1,0,H,Mario Melero,15,6,7,2,12,8,10,1,1,1,0,0,1.25,5.5,15.0
12/03/16,Barcelona,Getafe,6,0,H,4,0,H,Pedro Pérez,16,6,9,1,7,13,5,3,0,3,0,0,1.06,15.0,26.0
12/03/16,Celta,Sociedad,1,0,H,1,0,H,Juan Martínez,7,15,1,6,21,9,5,3,3,2,0,0,2.1,3.4,3.5
12/03/16,Vallecano,Eibar,1,1,D,1,1,D,Alfonso Álvarez,12,7,3,1,17,18,8,0,5,1,0,1,2.2,3.6,3.1
13/03/16,Ath Bilbao,Betis,3,1,H,2,0,H,Santiago Jaime,18,3,9,1,12,9,5,6,1,0,0,0,1.44,4.33,8.0
13/03/16,Las Palmas,Real Madrid,1,2,A,0,1,A,David Fernández,15,12,6,4,10,13,6,5,4,3,0,1,9.5,5.25,1.33
13/03/16,Levante,Valencia,1,0,H,0,0,D,Carlos del Cerro,13,6,6,1,16,16,8,0,2,4,0,0,2.63,3.25,2.8
13/03/16,Sevilla,Villarreal,4,2,H,1,2,A,Carlos Velasco,14,13,4,6,10,12,5,8,1,1,1,0,1.73,3.75,5.0
14/03/16,Granada,Espanol,1,1,D,1,0,H,José González,8,10,1,2,12,20,2,8,5,3,1,0,2.15,3.3,3.5
18/03/16,Getafe,Eibar,1,1,D,1,0,H,Ignacio Iglesias,8,20,4,6,12,12,3,3,1,2,0,0,2.1,3.25,3.75
19/03/16,Betis,Malaga,0,1,A,0,0,D,Carlos Clos Gómez,16,13,5,5,15,9,5,7,3,2,0,0,2.6,3.1,2.9
19/03/16,Granada,Vallecano,2,2,D,1,1,D,Alejandro Hernández,11,22,2,6,8,9,6,12,1,5,1,0,2.15,3.4,3.4
19/03/16,La Coruna,Levante,2,1,H,1,0,H,Iñaki Bikandi,15,7,6,1,8,12,2,1,2,3,0,0,1.91,3.4,4.33
19/03/16,Sociedad,Las Palmas,0,1,A,0,1,A,Antonio Matéu Lahoz,13,12,3,7,16,17,11,5,4,5,0,0,1.67,3.5,6.0
19/03/16,Sp Gijon,Ath Madrid,2,1,H,0,1,A,Jesús Gil,12,4,3,1,14,11,7,2,5,2,0,0,8.5,3.6,1.53
20/03/16,Espanol,Ath Bilbao,2,1,H,0,1,A,Eduardo Prieto,16,14,7,4,7,13,6,2,3,3,0,0,3.1,3.4,2.3
20/03/16,Real Madrid,Sevilla,4,0,H,1,0,H,Daniel Ask,26,8,12,4,10,9,8,8,2,2,0,0,1.33,5.5,8.5
20/03/16,Valencia,Celta,0,2,A,0,0,D,Alberto Undiano,14,13,4,6,14,14,4,5,1,0,0,0,2.3,3.5,3.0
20/03/16,Villarreal,Barcelona,2,2,D,0,2,A,José Sánchez,15,15,6,6,17,9,4,4,8,4,0,0,8.5,5.25,1.33
01/04/16,Vallecano,Getafe,2,0,H,1,0,H,Santiago Jaime,16,14,7,3,10,10,9,6,4,5,1,0,1.91,3.6,4.0
02/04/16,Ath Madrid,Betis,5,1,H,2,0,H,José González,19,8,12,5,14,12,5,5,1,3,0,0,1.4,4.33,10.0
02/04/16,Barcelona,Real Madrid,1,2,A,0,0,D,Alejandro Hernández,14,14,3,6,17,15,4,3,3,2,0,1,1.57,4.5,5.5
02/04/16,Celta,La Coruna,1,1,D,1,1,D,David Fernández,9,7,2,3,15,8,11,0,4,2,0,1,1.75,3.8,4.75
02/04/16,Las Palmas,Valencia,2,1,H,0,1,A,Pedro Pérez,13,7,6,4,8,17,8,2,2,4,0,0,2.38,3.25,3.1
03/04/16,Ath Bilbao,Granada,1,1,D,1,0,H,Carlos Velasco,8,9,1,2,16,14,13,1,2,5,0,0,1.44,4.33,8.0
03/04/16,Eibar,Villarreal,1,2,A,1,1,D,Carlos del Cerro,10,8,3,4,15,12,4,3,3,3,0,0,3.1,3.0,2.55
03/04/16,Malaga,Espanol,1,1,D,1,1,D,Juan Martínez,11,5,5,1,14,15,5,1,2,4,0,0,1.85,3.4,4.75
03/04/16,Sevilla,Sociedad,1,2,A,0,2,A,Carlos Clos Gómez,15,9,6,2,22,12,8,3,4,3,0,1,1.62,4.0,5.5
04/04/16,Levante,Sp Gijon,0,0,D,0,0,D,Mario Melero,16,11,4,1,17,12,4,6,4,4,1,0,2.1,3.25,3.75
08/04/16,Granada,Malaga,0,0,D,0,0,D,Daniel Ask,9,9,1,2,14,10,5,5,1,3,0,0,2.3,3.2,3.3
09/04/16,Betis,Levante,1,0,H,0,0,D,Eduardo Prieto,7,12,2,3,13,18,4,3,4,3,0,0,2.05,3.25,3.75
09/04/16,Espanol,Ath Madrid,1,3,A,1,1,D,Ricardo de Burgos,10,14,3,5,13,14,3,5,2,2,0,0,4.0,3.1,2.05
09/04/16,Real Madrid,Eibar,4,0,H,4,0,H,José Sánchez,13,9,6,2,9,13,6,7,1,3,0,0,1.17,7.5,13.0
09/04/16,Sociedad,Barcelona,1,0,H,1,0,H,Ignacio Iglesias,5,13,1,6,14,13,5,9,1,3,0,0,6.0,4.33,1.5
10/04/16,Ath Bilbao,Vallecano,1,0,H,0,0,D,Jesús Gil,14,12,7,4,8,14,0,5,1,3,0,0,1.53,4.0,6.0
10/04/16,Sp Gijon,Celta,0,1,A,0,0,D,Antonio Matéu Lahoz,9,17,2,5,8,11,7,7,2,5,0,0,3.1,3.25,2.3
10/04/16,Valencia,Sevilla,2,1,H,1,0,H,Iñaki Bikandi,23,7,9,4,15,18,10,3,2,2,0,0,2.2,3.4,3.2
10/04/16,Villarreal,Getafe,2,0,H,1,0,H,Alberto Undiano,13,16,3,3,9,12,8,5,2,2,0,0,1.5,3.8,7.5
11/04/16,La Coruna,Las Palmas,1,3,A,0,0,D,Alfonso Álvarez,19,13,5,6,8,9,7,4,1,1,0,0,2.05,3.3,3.6
15/04/16,Levante,Espanol,2,1,H,1,1,D,Alejandro Hernández,12,10,4,2,10,12,4,6,5,0,0,0,2.45,3.3,3.0
16/04/16,Celta,Betis,1,1,D,0,1,A,Ricardo de Burgos,18,9,5,4,14,18,12,4,4,3,0,0,1.6,4.2,5.5
16/04/16,Eibar,Sociedad,2,1,H,1,1,D,Mario Melero,9,7,4,4,16,11,2,0,3,3,0,0,2.7,3.25,2.7
16/04/16,Getafe,Real Madrid,1,5,A,0,2,A,José González,12,21,5,11,10,10,5,6,4,1,0,0,9.5,6.0,1.29
16/04/16,Las Palmas,Sp Gijon,1,1,D,1,0,H,Alberto Undiano,10,12,4,2,11,21,3,10,2,5,0,0,1.95,3.5,4.0
17/04/16,Ath Madrid,Granada,3,0,H,1,0,H,Eduardo Prieto,8,11,3,0,16,14,4,2,3,5,0,0,1.22,6.0,15.0
17/04/16,Barcelona,Valencia,1,2,A,0,2,A,David Fernández,22,7,7,2,12,15,7,2,3,3,0,0,1.14,9.0,17.0
17/04/16,Malaga,Ath Bilbao,0,1,A,0,0,D,José Sánchez,17,6,7,3,13,14,8,2,3,5,0,0,2.3,3.25,3.25
17/04/16,Sevilla,La Coruna,1,1,D,1,0,H,Santiago Jaime,12,5,3,4,15,8,10,0,2,2,0,0,1.53,4.2,6.0
17/04/16,Vallecano,Villarreal,2,1,H,1,1,D,Ignacio Iglesias,14,6,6,2,14,15,4,3,2,3,0,0,2.6,3.3,2.75
19/04/16,Betis,Las Palmas,1,0,H,0,0,D,Iñaki Bikandi,20,3,6,0,14,12,6,3,2,1,0,1,2.1,3.5,3.5
19/04/16,Espanol,Celta,1,1,D,1,1,D,Eduardo Prieto,8,3,3,1,15,13,2,2,1,1,0,0,2.38,3.3,3.0
20/04/16,Ath Bilbao,Ath Madrid,0,1,A,0,1,A,Juan Martínez,12,8,6,2,9,6,6,4,0,0,0,0,4.0,3.3,2.0
20/04/16,La Coruna,Barcelona,0,8,A,0,2,A,Ricardo de Burgos,16,19,5,10,11,8,6,2,1,0,0,0,13.0,7.0,1.2
20/04/16,Malaga,Vallecano,1,1,D,0,0,D,Alberto Undiano,12,11,4,4,19,13,7,7,1,3,0,0,1.85,3.75,4.2
20/04/16,Real Madrid,Villarreal,3,0,H,1,0,H,Carlos Clos Gómez,20,5,6,2,9,8,11,1,2,1,0,0,1.22,7.0,11.0
20/04/16,Sp Gijon,Sevilla,2,1,H,1,1,D,José González,14,18,2,8,7,15,5,7,2,1,0,0,3.1,3.4,2.3
20/04/16,Valencia,Eibar,4,0,H,3,0,H,Daniel Ask,9,9,6,2,10,6,6,3,1,2,0,0,1.62,4.2,5.25
21/04/16,Granada,Levante,5,1,H,3,0,H,Santiago Jaime,13,15,6,5,16,11,3,4,6,5,0,1,1.95,3.5,3.8
21/04/16,Sociedad,Getafe,1,2,A,1,1,D,José Sánchez,14,7,5,3,10,17,8,2,2,4,0,0,1.53,4.2,6.0
22/04/16,Las Palmas,Espanol,4,0,H,1,0,H,Mario Melero,14,11,9,5,14,9,5,5,4,4,0,0,2.25,3.3,3.3
23/04/16,Ath Madrid,Malaga,1,0,H,0,0,D,Antonio Matéu Lahoz,14,7,4,4,6,14,10,4,3,3,0,0,1.33,5.0,11.0
23/04/16,Barcelona,Sp Gijon,6,0,H,1,0,H,Carlos Clos Gómez,24,5,10,3,11,11,6,1,0,2,0,1,1.04,17.0,34.0
23/04/16,Eibar,La Coruna,1,1,D,1,0,H,Eduardo Prieto,9,9,2,1,14,8,11,7,0,1,0,0,2.25,3.2,3.4
23/04/16,Vallecano,Real Madrid,2,3,A,2,1,H,Alejandro Hernández,11,16,6,6,15,9,4,6,6,1,0,0,8.5,5.5,1.33
24/04/16,Getafe,Valencia,2,2,D,0,0,D,Ricardo de Burgos,18,5,11,4,14,12,8,2,4,1,0,0,3.2,3.3,2.3
24/04/16,Levante,Ath Bilbao,2,2,D,1,0,H,Ignacio Iglesias,10,19,5,8,13,8,4,9,2,1,0,0,3.4,3.2,2.25
24/04/16,Sevilla,Betis,2,0,H,0,0,D,Carlos Velasco,13,8,3,2,25,13,8,5,5,4,0,0,1.5,4.33,6.5
24/04/16,Villarreal,Sociedad,0,0,D,0,0,D,David Fernández,8,7,3,2,17,12,3,5,4,1,0,0,1.73,3.75,5.0
25/04/16,Celta,Granada,2,1,H,1,0,H,Jesús Gil,15,11,4,3,13,15,4,4,2,2,0,0,1.53,4.33,6.0
29/04/16,Sp Gijon,Eibar,2,0,H,1,0,H,Alejandro Hernández,3,12,3,6,16,17,1,5,2,2,0,0,1.6,3.8,5.75
30/04/16,Ath Madrid,Vallecano,1,0,H,0,0,D,José Sánchez,12,13,6,3,14,12,5,7,1,1,0,0,1.33,5.0,10.0
30/04/16,Betis,Barcelona,0,2,A,0,0,D,Antonio Matéu Lahoz,2,11,1,4,9,11,2,4,3,3,1,0,21.0,9.0,1.13
30/04/16,Granada,Las Palmas,3,2,H,2,2,D,José González,14,12,5,6,11,9,4,3,3,2,0,0,1.6,3.8,6.0
30/04/16,Sociedad,Real Madrid,0,1,A,0,0,D,Alberto Undiano,11,18,4,6,15,17,6,6,4,4,0,0,5.0,4.0,1.67
01/05/16,Ath Bilbao,Celta,2,1,H,1,1,D,Daniel Ask,10,5,2,2,12,19,7,2,1,5,0,1,1.85,3.6,4.33
01/05/16,Espanol,Sevilla,1,0,H,0,0,D,Juan Martínez,11,7,7,0,20,15,4,2,3,3,0,0,2.3,3.3,3.1
01/05/16,La Coruna,Getafe,0,2,A,0,1,A,Carlos Clos Gómez,15,11,5,5,7,19,8,5,1,6,1,0,2.3,3.3,3.2
01/05/16,Valencia,Villarreal,0,2,A,0,2,A,Carlos del Cerro,7,8,1,3,15,11,9,3,0,2,0,0,2.2,3.3,3.4
02/05/16,Malaga,Levante,3,1,H,1,1,D,Iñaki Bikandi,21,11,11,5,18,10,13,7,2,4,0,0,2.2,3.2,3.5
08/05/16,Barcelona,Espanol,5,0,H,1,0,H,Jesús Gil,13,4,7,1,13,25,8,0,2,7,0,0,1.04,17.0,41.0
08/05/16,Celta,Malaga,1,0,H,1,0,H,Carlos del Cerro,12,13,3,5,11,10,4,3,0,2,0,0,1.5,4.2,7.0
08/05/16,Eibar,Betis,1,1,D,0,1,A,Juan Martínez,21,6,10,3,15,9,8,2,1,3,0,0,2.1,3.6,3.4
08/05/16,Getafe,Sp Gijon,1,1,D,0,0,D,Alfonso Álvarez,19,9,9,3,15,13,7,3,3,1,0,1,2.1,3.6,3.4
08/05/16,Las Palmas,Ath Bilbao,0,0,D,0,0,D,Pedro Pérez,4,8,2,3,9,18,2,2,1,1,0,0,4.0,3.6,1.91
08/05/16,Levante,Ath Madrid,2,1,H,1,1,D,José González,12,17,5,5,8,11,4,5,1,1,0,0,17.0,6.5,1.2
08/05/16,Real Madrid,Valencia,3,2,H,2,0,H,David Fernández,15,17,8,8,10,11,5,8,1,4,0,1,1.2,7.5,11.0
08/05/16,Sevilla,Granada,1,4,A,0,1,A,Alberto Undiano,12,10,6,6,18,11,5,4,4,1,0,0,2.88,3.75,2.3
08/05/16,Sociedad,Vallecano,2,1,H,1,0,H,Santiago Jaime,12,18,6,5,7,12,5,11,2,1,1,0,3.5,3.6,2.05
08/05/16,Villarreal,La Coruna,0,2,A,0,1,A,Daniel Ask,11,8,4,4,14,4,8,5,3,1,0,0,2.45,3.1,3.1
13/05/16,Valencia,Sociedad,0,1,A,0,0,D,Carlos Velasco,8,14,0,7,17,12,4,6,2,2,0,0,1.95,3.75,3.75
14/05/16,Ath Bilbao,Sevilla,3,1,H,2,0,H,Alfonso Álvarez,13,8,6,4,13,11,7,6,1,2,1,2,1.33,5.75,8.0
14/05/16,Ath Madrid,Celta,2,0,H,0,0,D,David Fernández,12,7,5,4,16,16,4,4,4,5,0,0,1.75,3.75,4.5
14/05/16,Granada,Barcelona,0,3,A,0,2,A,Alejandro Hernández,8,12,2,10,12,10,5,6,5,2,0,0,26.0,11.0,1.08
14/05/16,La Coruna,Real Madrid,0,2,A,0,2,A,Antonio Matéu Lahoz,10,16,2,5,6,9,4,8,1,3,0,0,13.0,8.0,1.18
15/05/16,Betis,Getafe,2,1,H,0,0,D,Jesús Gil,7,14,4,5,8,27,3,2,1,8,0,1,5.0,3.8,1.7
15/05/16,Espanol,Eibar,4,2,H,2,0,H,Mario Melero,11,13,7,8,10,14,3,4,4,3,0,0,2.0,3.6,3.7
15/05/16,Malaga,Las Palmas,4,1,H,2,1,H,Ricardo de Burgos,14,12,8,7,16,10,3,6,1,1,0,0,1.8,3.75,4.5
15/05/16,Sp Gijon,Villarreal,2,0,H,1,0,H,Alberto Undiano,16,10,7,5,9,6,4,1,1,2,0,0,1.44,4.5,7.5
15/05/16,Vallecano,Levante,3,1,H,2,0,H,Carlos Clos Gómez,21,8,9,2,12,8,9,3,1,3,0,0,1.33,5.25,9.0
