Date,HomeTeam,AwayTeam,FTHG,FTAG,FTR,HTHG,HTAG,HTR,Referee,HS,AS,HST,AST,HF,AF,HC,AC,HY,AY,HR,AR
15/08/2025,Girona,Vallecano,1,3,A,0,3,A,,7,16,2,5,8,17,2,4,0,1,1,0
15/08/2025,Villarreal,Oviedo,2,0,H,2,0,H,,25,5,10,4,10,8,10,1,1,2,0,1
16/08/2025,Mallorca,Barcelona,0,3,A,0,2,A,,4,24,1,8,8,17,3,6,4,1,2,0
16/08/2025,Alaves,Levante,2,1,H,1,0,H,,15,7,4,3,15,13,10,1,0,1,0,0
16/08/2025,Valencia,Sociedad,1,1,D,0,0,D,,18,13,2,3,5,11,8,7,1,2,0,0
17/08/2025,Celta,Getafe,0,2,A,0,0,D,,11,10,3,3,15,17,9,3,3,2,0,0
17/08/2025,Ath Bilbao,Sevilla,3,2,H,2,0,H,,14,12,3,6,8,12,10,1,0,2,0,0
17/08/2025,Espanol,Ath Madrid,2,1,H,0,1,A,,10,15,5,4,14,11,1,3,3,3,0,0
18/08/2025,Elche,Betis,1,1,D,0,1,A,,6,12,2,4,14,13,1,3,0,1,0,0
19/08/2025,Real Madrid,Osasuna,1,0,H,0,0,D,,18,2,5,0,10,12,7,0,1,0,0,1
22/08/2025,Betis,Alaves,1,0,H,1,0,H,,16,11,5,5,10,17,5,2,2,3,0,0
23/08/2025,Mallorca,Celta,1,1,D,0,1,A,,12,8,4,2,12,12,3,4,3,3,0,0
23/08/2025,Ath Madrid,Elche,1,1,D,1,1,D,,13,6,6,2,14,7,10,2,0,3,0,0
23/08/2025,Levante,Barcelona,2,3,A,2,0,H,,8,26,5,10,10,8,0,11,3,1,0,0
24/08/2025,Osasuna,Valencia,1,0,H,1,0,H,,16,4,4,1,14,13,3,4,2,1,0,1
24/08/2025,Sociedad,Espanol,2,2,D,0,2,A,,15,14,7,3,16,18,5,2,2,2,0,0
24/08/2025,Villarreal,Girona,5,0,H,4,0,H,,19,5,7,2,8,9,8,1,1,2,0,0
24/08/2025,Oviedo,Real Madrid,0,3,A,0,1,A,,6,26,3,10,8,7,1,9,2,1,0,0
25/08/2025,Ath Bilbao,Vallecano,1,0,H,0,0,D,,11,6,4,1,13,13,3,6,0,4,0,0
25/08/2025,Sevilla,Getafe,1,2,A,1,1,D,,12,9,3,6,10,24,5,3,2,2,0,0
27/08/2025,Celta,Betis,1,1,D,0,1,A,,14,7,5,2,13,11,10,4,1,2,0,0
29/08/2025,Elche,Levante,2,0,H,0,0,D,,16,11,5,1,14,17,4,2,1,2,0,0
29/08/2025,Valencia,Getafe,3,0,H,1,0,H,,7,11,4,1,18,7,8,6,2,0,0,0
30/08/2025,Alaves,Ath Madrid,1,1,D,1,1,D,,5,15,2,6,10,17,1,6,2,3,0,0
30/08/2025,Oviedo,Sociedad,1,0,H,1,0,H,,8,18,1,6,7,18,1,10,2,1,0,0
30/08/2025,Girona,Sevilla,0,2,A,0,1,A,,20,13,5,4,5,14,11,3,0,2,0,0
30/08/2025,Real Madrid,Mallorca,2,1,H,2,1,H,,17,9,7,5,12,7,4,5,2,0,0,0
31/08/2025,Celta,Villarreal,1,1,D,0,0,D,,10,8,2,3,11,8,1,5,1,1,0,0
31/08/2025,Betis,Ath Bilbao,1,2,A,0,0,D,,9,15,2,6,9,16,4,10,1,4,0,1
31/08/2025,Espanol,Osasuna,1,0,H,0,0,D,,10,10,4,3,13,14,2,3,2,3,0,0
31/08/2025,Vallecano,Barcelona,1,1,D,0,1,A,,12,12,6,3,16,8,9,4,4,1,0,0
12/09/2025,Sevilla,Elche,2,2,D,1,0,H,,7,5,3,2,23,19,2,2,4,3,0,0
13/09/2025,Getafe,Oviedo,2,0,H,2,0,H,,10,5,3,1,12,18,4,3,2,5,0,1
13/09/2025,Sociedad,Real Madrid,1,2,A,0,2,A,,23,16,4,6,17,7,12,4,2,1,0,1
13/09/2025,Ath Bilbao,Alaves,0,1,A,0,0,D,,12,4,3,2,17,21,6,6,4,3,0,0
13/09/2025,Ath Madrid,Villarreal,2,0,H,1,0,H,,8,8,3,1,12,15,8,3,2,4,0,0
14/09/2025,Celta,Girona,1,1,D,0,1,A,,21,13,7,8,7,9,10,3,0,3,0,0
14/09/2025,Levante,Betis,2,2,D,2,1,H,,5,28,2,9,16,11,4,12,3,2,0,0
14/09/2025,Osasuna,Vallecano,2,0,H,1,0,H,,9,19,7,6,13,7,3,6,3,2,0,0
14/09/2025,Barcelona,Valencia,6,0,H,1,0,H,,24,2,10,1,9,8,5,4,0,1,0,0
15/09/2025,Espanol,Mallorca,3,2,H,2,1,H,,9,24,3,10,9,16,3,9,2,1,1,0
19/09/2025,Betis,Sociedad,3,1,H,1,1,D,,21,11,6,5,7,20,3,5,3,7,0,0
20/09/2025,Girona,Levante,0,4,A,0,1,A,,7,14,1,7,11,17,5,4,4,3,2,0
20/09/2025,Real Madrid,Espanol,2,0,H,1,0,H,,16,8,5,1,10,20,5,3,2,0,0,0
20/09/2025,Alaves,Sevilla,1,2,A,1,1,D,,8,9,5,3,20,19,4,4,1,7,0,0
20/09/2025,Villarreal,Osasuna,2,1,H,0,1,A,,26,6,8,3,10,11,7,0,2,3,0,1
20/09/2025,Valencia,Ath Bilbao,2,0,H,0,0,D,,13,11,5,5,13,6,5,6,1,1,0,1
21/09/2025,Vallecano,Celta,1,1,D,0,0,D,,15,9,5,5,8,10,5,7,1,1,0,0
21/09/2025,Mallorca,Ath Madrid,1,1,D,0,0,D,,8,12,3,7,14,6,3,6,0,0,0,1
21/09/2025,Elche,Oviedo,1,0,H,1,0,H,,15,12,5,4,9,18,3,3,2,2,0,0
21/09/2025,Barcelona,Getafe,3,0,H,2,0,H,,16,3,7,2,9,15,3,2,2,4,0,0
23/09/2025,Ath Bilbao,Girona,1,1,D,0,1,A,,17,6,5,3,19,15,8,1,0,2,0,0
23/09/2025,Espanol,Valencia,2,2,D,0,1,A,,21,5,10,2,9,9,8,3,1,4,0,0
23/09/2025,Levante,Real Madrid,1,4,A,0,2,A,,11,24,2,10,17,9,1,7,1,1,0,0
23/09/2025,Sevilla,Villarreal,1,2,A,0,1,A,,16,12,2,5,17,14,3,3,2,3,0,0
24/09/2025,Getafe,Alaves,1,1,D,0,0,D,,7,10,1,4,14,20,2,7,2,3,0,0
24/09/2025,Ath Madrid,Vallecano,3,2,H,1,1,D,,20,9,8,3,6,12,8,6,3,4,0,0
24/09/2025,Sociedad,Mallorca,1,0,H,0,0,D,,17,7,4,3,13,15,11,2,2,2,0,0
25/09/2025,Osasuna,Elche,1,1,D,1,0,H,,9,12,2,4,19,13,2,3,2,2,0,0
25/09/2025,Oviedo,Barcelona,1,3,A,1,0,H,,7,22,3,10,10,6,6,9,1,0,0,0
26/09/2025,Girona,Espanol,0,0,D,0,0,D,,12,20,3,5,9,11,8,4,0,1,0,0
27/09/2025,Getafe,Levante,1,1,D,0,1,A,,11,11,4,3,15,16,6,2,4,3,0,0
27/09/2025,Ath Madrid,Real Madrid,5,2,H,2,2,D,,13,6,7,2,17,14,7,2,5,4,0,0
27/09/2025,Mallorca,Alaves,1,0,H,1,0,H,,12,12,3,3,14,18,4,8,2,3,0,0
27/09/2025,Villarreal,Ath Bilbao,1,0,H,0,0,D,,14,16,5,4,13,11,6,5,2,0,0,0
28/09/2025,Vallecano,Sevilla,0,1,A,0,0,D,,18,4,6,1,12,15,12,4,3,2,1,0
28/09/2025,Elche,Celta,2,1,H,1,1,D,,17,8,8,2,12,20,7,2,3,3,0,0
28/09/2025,Barcelona,Sociedad,2,1,H,1,1,D,,22,7,12,2,6,12,12,1,1,2,0,0
28/09/2025,Betis,Osasuna,2,0,H,2,0,H,,12,12,6,1,6,7,5,5,0,1,0,0
30/09/2025,Valencia,Oviedo,1,2,A,1,0,H,,16,10,5,4,14,12,5,4,1,4,0,1
03/10/2025,Osasuna,Getafe,2,1,H,1,1,D,,7,6,3,2,11,14,1,6,1,4,0,0
04/10/2025,Oviedo,Levante,0,2,A,0,1,A,,13,14,2,5,10,10,9,3,2,2,0,0
04/10/2025,Girona,Valencia,2,1,H,1,0,H,,4,19,4,6,13,12,0,7,5,1,2,0
04/10/2025,Ath Bilbao,Mallorca,2,1,H,1,0,H,,18,7,5,2,16,13,7,2,5,6,0,1
04/10/2025,Real Madrid,Villarreal,3,1,H,0,0,D,,26,9,7,2,9,14,4,0,2,4,0,1
05/10/2025,Alaves,Elche,3,1,H,0,0,D,,25,6,5,3,13,9,14,4,3,1,0,1
05/10/2025,Sevilla,Barcelona,4,1,H,2,1,H,,13,17,5,8,18,9,7,6,7,5,0,0
05/10/2025,Espanol,Betis,1,2,A,1,0,H,,14,12,5,3,16,4,10,5,2,6,0,0
05/10/2025,Sociedad,Vallecano,0,1,A,0,0,D,,10,7,3,2,13,21,7,5,1,2,0,0
05/10/2025,Celta,Ath Madrid,1,1,D,0,1,A,,18,6,4,1,7,10,6,3,1,3,0,1
17/10/2025,Oviedo,Espanol,0,2,A,0,0,D,,13,19,4,10,9,8,3,5,2,1,0,0
18/10/2025,Sevilla,Mallorca,1,3,A,1,0,H,,13,7,4,6,16,13,9,2,2,1,0,0
18/10/2025,Barcelona,Girona,2,1,H,1,1,D,,27,11,9,4,10,7,11,5,1,2,0,0
18/10/2025,Villarreal,Betis,2,2,D,1,0,H,,7,16,3,3,13,10,5,6,1,1,0,0
18/10/2025,Ath Madrid,Osasuna,1,0,H,0,0,D,,18,9,9,2,10,11,4,2,1,3,0,0
19/10/2025,Elche,Ath Bilbao,0,0,D,0,0,D,,15,4,5,1,14,20,6,2,2,3,0,0
19/10/2025,Celta,Sociedad,1,1,D,1,0,H,,4,17,1,7,10,20,1,10,4,3,1,0
19/10/2025,Levante,Vallecano,0,3,A,0,2,A,,17,10,4,5,6,18,11,4,0,1,0,0
19/10/2025,Getafe,Real Madrid,0,1,A,0,0,D,,7,23,1,10,27,11,1,4,4,1,2,0
20/10/2025,Alaves,Valencia,0,0,D,0,0,D,,13,5,3,2,13,20,7,0,1,2,0,0
24/10/2025,Sociedad,Sevilla,2,1,H,2,1,H,,5,6,3,1,19,14,1,9,1,3,0,0
25/10/2025,Girona,Oviedo,3,3,D,0,1,A,,8,10,6,5,13,16,11,4,4,3,0,0
25/10/2025,Espanol,Elche,1,0,H,0,0,D,,16,13,7,4,14,15,4,2,4,2,0,0
25/10/2025,Ath Bilbao,Getafe,0,1,A,0,0,D,,7,8,4,3,15,14,1,5,1,3,0,0
25/10/2025,Valencia,Villarreal,0,2,A,0,1,A,,15,12,3,5,13,14,7,5,2,4,0,0
26/10/2025,Mallorca,Levante,1,1,D,0,1,A,,20,13,4,5,8,13,5,4,3,2,0,0
26/10/2025,Real Madrid,Barcelona,2,1,H,2,1,H,,23,15,10,6,12,9,12,4,5,5,1,1
26/10/2025,Osasuna,Celta,2,3,A,2,1,H,,17,11,7,5,10,13,6,2,3,4,0,0
26/10/2025,Vallecano,Alaves,1,0,H,0,0,D,,15,12,5,2,13,11,7,5,1,3,0,0
27/10/2025,Betis,Ath Madrid,0,2,A,0,2,A,,17,9,5,4,9,18,2,5,2,1,0,0
31/10/2025,Getafe,Girona,2,1,H,0,0,D,,12,8,4,4,17,15,8,3,1,1,0,0
01/11/2025,Villarreal,Vallecano,4,0,H,1,0,H,,16,13,7,3,7,11,3,5,1,1,0,0
01/11/2025,Ath Madrid,Sevilla,3,0,H,0,0,D,,15,10,6,2,9,12,9,4,0,3,0,0
01/11/2025,Sociedad,Ath Bilbao,3,2,H,1,1,D,,9,11,5,4,20,8,6,2,2,3,0,0
01/11/2025,Real Madrid,Valencia,4,0,H,3,0,H,,21,4,11,1,14,7,7,1,1,1,0,0
02/11/2025,Levante,Celta,1,2,A,0,1,A,,9,20,3,6,10,12,4,4,2,3,1,0
02/11/2025,Alaves,Espanol,2,1,H,2,0,H,,13,18,4,2,14,12,1,6,4,2,1,0
02/11/2025,Barcelona,Elche,3,1,H,2,1,H,,17,9,5,3,12,16,6,3,0,1,0,0
02/11/2025,Betis,Mallorca,3,0,H,3,0,H,,15,14,8,1,9,8,4,5,0,3,0,0
03/11/2025,Oviedo,Osasuna,0,0,D,0,0,D,,8,11,2,5,17,17,4,2,3,1,0,0
07/11/2025,Elche,Sociedad,1,1,D,0,0,D,,12,13,3,5,14,15,1,3,1,3,0,0
08/11/2025,Girona,Alaves,1,0,H,1,0,H,,10,14,2,5,9,15,6,1,0,3,0,0
08/11/2025,Sevilla,Osasuna,1,0,H,0,0,D,,10,9,4,3,21,13,5,6,5,3,0,0
08/11/2025,Ath Madrid,Levante,3,1,H,1,1,D,,25,6,10,3,5,6,21,4,3,1,0,0
08/11/2025,Espanol,Villarreal,0,2,A,0,1,A,,14,9,3,3,9,9,4,2,0,2,0,0
09/11/2025,Ath Bilbao,Oviedo,1,0,H,1,0,H,,21,5,7,2,12,8,7,4,1,1,0,0
09/11/2025,Vallecano,Real Madrid,0,0,D,0,0,D,,13,21,2,5,17,7,5,8,3,2,0,0
09/11/2025,Mallorca,Getafe,1,0,H,1,0,H,,6,14,4,3,15,8,1,14,0,2,0,0
09/11/2025,Valencia,Betis,1,1,D,0,0,D,,17,9,4,2,13,10,7,2,3,3,0,0
09/11/2025,Celta,Barcelona,2,4,A,2,3,A,,5,21,3,9,13,10,2,5,1,5,0,1
21/11/2025,Valencia,Levante,1,0,H,0,0,D,,14,8,3,1,16,15,7,0,4,3,0,0
22/11/2025,Alaves,Celta,0,1,A,0,0,D,,5,7,2,4,21,15,4,2,2,2,0,0
22/11/2025,Barcelona,Ath Bilbao,4,0,H,2,0,H,,19,13,7,2,9,9,5,7,0,2,0,1
22/11/2025,Osasuna,Sociedad,1,3,A,1,0,H,,14,19,4,9,13,7,3,3,3,2,1,0
22/11/2025,Villarreal,Mallorca,2,1,H,1,1,D,,14,9,7,3,17,8,3,1,2,2,0,0
23/11/2025,Oviedo,Vallecano,0,0,D,0,0,D,,8,11,3,3,11,13,5,6,1,2,1,1
23/11/2025,Betis,Girona,1,1,D,0,1,A,,23,11,7,4,10,16,8,0,3,4,1,0
23/11/2025,Getafe,Ath Madrid,0,1,A,0,0,D,,9,13,1,6,9,17,6,7,2,3,0,0
23/11/2025,Elche,Real Madrid,2,2,D,0,0,D,,15,20,6,7,10,8,2,8,4,0,1,0
24/11/2025,Espanol,Sevilla,2,1,H,0,0,D,,8,22,5,6,18,7,4,13,4,1,0,0
28/11/2025,Getafe,Elche,1,0,H,0,0,D,,15,9,6,4,18,11,3,5,2,2,0,0
29/11/2025,Mallorca,Osasuna,2,2,D,0,0,D,,7,14,4,2,10,15,2,8,3,4,0,0
29/11/2025,Barcelona,Alaves,3,1,H,2,1,H,,18,9,6,2,10,17,5,4,2,3,0,0
29/11/2025,Levante,Ath Bilbao,0,2,A,0,2,A,,11,14,4,4,11,19,4,2,3,2,0,0
29/11/2025,Ath Madrid,Oviedo,2,0,H,2,0,H,,14,12,8,1,5,8,7,2,0,1,0,0
30/11/2025,Sociedad,Villarreal,2,3,A,0,1,A,,18,10,7,5,15,18,8,2,3,7,0,0
30/11/2025,Sevilla,Betis,0,2,A,0,0,D,,9,9,3,4,14,22,6,4,2,3,1,0
30/11/2025,Celta,Espanol,0,1,A,0,0,D,,11,9,4,2,12,15,4,3,1,2,0,0
30/11/2025,Girona,Real Madrid,1,1,D,1,0,H,,10,25,4,4,9,13,2,5,3,0,0,0
01/12/2025,Vallecano,Valencia,1,1,D,1,0,H,,19,10,7,2,11,9,10,5,1,1,0,0
02/12/2025,Barcelona,Ath Madrid,3,1,H,1,1,D,,19,7,6,2,12,9,5,4,1,1,0,0
03/12/2025,Ath Bilbao,Real Madrid,0,3,A,0,2,A,,9,13,4,8,15,4,5,7,2,0,0,0
05/12/2025,Oviedo,Mallorca,0,0,D,0,0,D,,15,13,3,6,14,12,8,5,2,1,2,0
06/12/2025,Villarreal,Getafe,2,0,H,1,0,H,,10,6,5,0,19,15,5,3,2,4,0,1
06/12/2025,Alaves,Sociedad,1,0,H,1,0,H,,14,10,3,1,20,16,5,8,2,2,0,0
06/12/2025,Betis,Barcelona,3,5,A,1,4,A,,17,16,5,8,14,9,7,7,5,2,0,0
06/12/2025,Ath Bilbao,Ath Madrid,1,0,H,0,0,D,,14,7,3,3,9,12,5,6,3,2,0,0
07/12/2025,Elche,Girona,3,0,H,1,0,H,,11,8,6,4,18,13,2,2,0,3,0,0
07/12/2025,Valencia,Sevilla,1,1,D,0,0,D,,11,4,3,1,12,18,2,2,3,6,0,0
07/12/2025,Espanol,Vallecano,1,0,H,1,0,H,,9,6,2,2,19,22,6,2,4,8,1,1
07/12/2025,Real Madrid,Celta,0,2,A,0,0,D,,23,7,7,5,6,12,8,1,6,1,3,0
08/12/2025,Osasuna,Levante,2,0,H,2,0,H,,14,11,6,5,15,7,3,3,2,2,0,0
12/12/2025,Sociedad,Girona,1,2,A,1,0,H,,9,14,4,3,20,5,4,3,1,2,0,0
13/12/2025,Ath Madrid,Valencia,2,1,H,1,0,H,,10,13,6,2,13,11,5,7,3,1,0,0
13/12/2025,Mallorca,Elche,3,1,H,1,1,D,,15,9,8,0,13,13,1,1,3,0,0,0
13/12/2025,Barcelona,Osasuna,2,0,H,0,0,D,,24,3,7,2,5,8,14,1,0,3,0,0
13/12/2025,Getafe,Espanol,0,1,A,0,0,D,,11,6,1,4,18,17,6,4,5,1,0,0
14/12/2025,Sevilla,Oviedo,4,0,H,2,0,H,,13,5,7,1,11,12,5,3,1,2,0,1
14/12/2025,Celta,Ath Bilbao,2,0,H,0,0,D,,5,14,2,2,11,13,1,4,3,2,0,0
14/12/2025,Alaves,Real Madrid,1,2,A,0,1,A,,6,13,2,6,12,13,5,7,3,1,0,0
15/12/2025,Vallecano,Betis,0,0,D,0,0,D,,23,13,7,6,10,7,8,3,4,1,0,0
19/12/2025,Valencia,Mallorca,1,1,D,0,1,A,,17,4,2,2,10,12,12,3,2,3,0,0
20/12/2025,Oviedo,Celta,0,0,D,0,0,D,,10,6,3,2,14,7,4,3,2,1,0,0
20/12/2025,Levante,Sociedad,1,1,D,0,1,A,,13,18,3,6,16,13,7,10,6,2,0,0
20/12/2025,Osasuna,Alaves,3,0,H,0,0,D,,16,7,7,3,16,11,9,0,2,2,0,0
20/12/2025,Real Madrid,Sevilla,2,0,H,1,0,H,,18,14,8,5,13,19,6,5,2,5,0,1
21/12/2025,Girona,Ath Madrid,0,3,A,0,2,A,,9,14,2,6,7,14,3,4,2,0,0,0
21/12/2025,Villarreal,Barcelona,0,2,A,0,1,A,,14,19,5,5,10,8,5,10,1,1,1,0
21/12/2025,Elche,Vallecano,4,0,H,1,0,H,,18,18,6,8,15,11,4,5,2,3,0,0
21/12/2025,Betis,Getafe,4,0,H,1,0,H,,19,15,8,3,13,12,7,5,0,1,0,0
22/12/2025,Ath Bilbao,Espanol,1,2,A,1,1,D,,17,10,7,5,10,9,8,4,5,2,0,0
02/01/2026,Vallecano,Getafe,1,1,D,1,0,H,,13,12,4,4,13,10,3,2,3,4,0,0
03/01/2026,Celta,Valencia,4,1,H,1,0,H,,12,16,6,5,10,9,2,4,1,3,0,0
03/01/2026,Osasuna,Ath Bilbao,1,1,D,1,0,H,,11,16,4,6,12,19,1,9,3,3,0,0
03/01/2026,Elche,Villarreal,1,3,A,1,2,A,,15,12,2,4,8,11,6,2,3,3,0,0
03/01/2026,Espanol,Barcelona,0,2,A,0,0,D,,14,15,7,6,10,14,5,7,1,0,0,0
04/01/2026,Sevilla,Levante,0,3,A,0,1,A,,15,6,7,4,16,10,5,1,3,4,0,0
04/01/2026,Real Madrid,Betis,5,1,H,1,0,H,,19,13,9,5,10,12,5,8,1,1,0,0
04/01/2026,Alaves,Oviedo,1,1,D,0,0,D,,18,18,7,6,11,20,6,7,3,3,1,1
04/01/2026,Mallorca,Girona,1,2,A,0,1,A,,9,9,2,4,10,14,3,6,2,1,0,0
04/01/2026,Sociedad,Ath Madrid,1,1,D,0,0,D,,18,10,8,2,11,13,6,6,3,2,0,0
09/01/2026,Getafe,Sociedad,1,2,A,0,1,A,,6,12,3,5,17,17,2,4,2,1,0,0
10/01/2026,Oviedo,Betis,1,1,D,0,0,D,,13,15,3,6,15,8,5,2,3,1,0,0
10/01/2026,Villarreal,Alaves,3,1,H,0,0,D,,11,16,4,5,10,14,1,6,0,2,0,0
10/01/2026,Girona,Osasuna,1,0,H,1,0,H,,8,13,4,1,14,13,2,1,2,6,1,0
10/01/2026,Valencia,Elche,1,1,D,0,0,D,,16,5,4,1,14,14,8,6,2,3,0,0
11/01/2026,Vallecano,Mallorca,2,1,H,2,1,H,,14,9,5,2,14,14,6,5,1,5,1,0
11/01/2026,Levante,Espanol,1,1,D,0,0,D,,8,19,2,3,10,9,4,3,0,1,0,0
12/01/2026,Sevilla,Celta,0,1,A,0,0,D,,7,9,2,7,16,16,6,1,3,3,0,0
16/01/2026,Espanol,Girona,0,2,A,0,1,A,,14,7,2,4,17,17,5,4,5,5,0,0
17/01/2026,Real Madrid,Levante,2,0,H,0,0,D,,26,10,11,0,12,14,8,0,2,1,0,0
17/01/2026,Mallorca,Ath Bilbao,3,2,H,2,2,D,,18,21,9,11,10,10,3,7,1,5,0,2
17/01/2026,Osasuna,Oviedo,3,2,H,1,1,D,,16,13,5,5,14,15,3,6,1,4,1,0
17/01/2026,Betis,Villarreal,2,0,H,0,0,D,,15,9,6,3,14,13,2,3,3,2,0,1
18/01/2026,Getafe,Valencia,0,1,A,0,0,D,,14,7,3,1,8,18,9,3,2,3,0,1
18/01/2026,Ath Madrid,Alaves,1,0,H,0,0,D,,23,8,6,0,13,5,6,6,1,1,0,0
18/01/2026,Celta,Vallecano,3,0,H,1,0,H,,11,14,7,3,7,14,5,7,4,3,0,1
18/01/2026,Sociedad,Barcelona,2,1,H,1,0,H,,8,25,6,9,13,8,6,8,3,3,1,0
19/01/2026,Elche,Sevilla,2,2,D,1,0,H,,10,25,5,8,11,12,9,7,3,1,0,0
23/01/2026,Levante,Elche,3,2,H,0,1,A,,26,6,6,3,13,13,9,1,2,3,0,0
24/01/2026,Vallecano,Osasuna,1,3,A,0,1,A,,11,14,4,5,12,15,4,3,2,2,0,0
24/01/2026,Valencia,Espanol,3,2,H,1,0,H,,10,16,5,6,13,10,2,7,1,5,0,0
24/01/2026,Sevilla,Ath Bilbao,2,1,H,1,1,D,,10,15,7,3,16,12,5,5,2,1,0,0
24/01/2026,Villarreal,Real Madrid,0,2,A,0,0,D,,8,14,1,4,19,10,6,6,3,1,0,0
25/01/2026,Ath Madrid,Mallorca,3,0,H,1,0,H,,17,6,8,1,10,7,10,3,2,1,0,0
25/01/2026,Barcelona,Oviedo,3,0,H,0,0,D,,15,12,7,3,8,21,10,1,1,2,0,0
25/01/2026,Sociedad,Celta,3,1,H,1,0,H,,10,17,4,4,7,13,2,9,1,1,1,0
25/01/2026,Alaves,Betis,2,1,H,1,0,H,,17,18,9,4,17,11,6,4,1,1,0,0
26/01/2026,Girona,Getafe,1,1,D,0,0,D,,12,8,4,2,13,15,3,4,5,3,0,0
30/01/2026,Espanol,Alaves,1,2,A,1,1,D,,10,11,3,7,15,15,4,2,0,1,0,0
31/01/2026,Oviedo,Girona,1,0,H,0,0,D,,8,9,4,1,12,16,4,4,1,1,0,0
31/01/2026,Osasuna,Villarreal,2,2,D,2,1,H,,15,5,5,4,15,7,6,2,2,2,0,0
31/01/2026,Levante,Ath Madrid,0,0,D,0,0,D,,10,10,2,4,11,12,4,7,2,1,0,0
31/01/2026,Elche,Barcelona,1,3,A,1,2,A,,9,30,3,8,15,9,2,8,2,1,0,0
01/02/2026,Real Madrid,Vallecano,2,1,H,1,0,H,,16,11,6,4,6,18,9,4,2,8,0,2
01/02/2026,Betis,Valencia,2,1,H,1,1,D,,14,15,2,4,15,13,3,5,0,4,0,0
01/02/2026,Getafe,Celta,0,0,D,0,0,D,,9,5,2,1,16,14,5,3,1,2,0,0
01/02/2026,Ath Bilbao,Sociedad,1,1,D,0,1,A,,19,9,4,6,14,14,6,3,4,2,0,1
02/02/2026,Mallorca,Sevilla,4,1,H,1,1,D,,11,15,7,5,16,8,4,8,1,1,0,0
06/02/2026,Celta,Osasuna,1,2,A,0,1,A,,18,8,4,2,9,14,7,3,2,2,0,0
07/02/2026,Barcelona,Mallorca,3,0,H,1,0,H,,24,9,7,4,7,9,12,3,0,0,0,0
07/02/2026,Sociedad,Elche,3,1,H,2,1,H,,11,11,3,5,14,8,2,4,0,4,0,0
08/02/2026,Alaves,Getafe,0,2,A,0,0,D,,13,17,5,5,20,20,6,3,2,5,0,0
08/02/2026,Ath Bilbao,Levante,4,2,H,2,0,H,,22,6,7,3,17,10,4,3,2,1,0,1
08/02/2026,Sevilla,Girona,1,1,D,0,1,A,,11,15,3,6,16,13,5,7,3,3,0,0
08/02/2026,Ath Madrid,Betis,0,1,A,0,1,A,,10,8,5,4,12,3,7,3,3,1,0,0
08/02/2026,Valencia,Real Madrid,0,2,A,0,0,D,,7,11,0,6,10,13,5,8,1,1,0,0
09/02/2026,Villarreal,Espanol,4,1,H,2,0,H,,10,9,3,2,18,11,5,8,3,3,0,0
13/02/2026,Elche,Osasuna,0,0,D,0,0,D,,17,6,5,2,13,18,10,3,2,4,0,0
14/02/2026,Espanol,Celta,2,2,D,0,1,A,,9,14,3,5,9,11,2,2,1,0,0,0
14/02/2026,Getafe,Villarreal,2,1,H,1,0,H,,5,8,2,2,21,17,3,4,2,3,0,0
14/02/2026,Sevilla,Alaves,1,1,D,1,0,H,,4,12,2,1,16,13,0,3,5,0,2,0
14/02/2026,Real Madrid,Sociedad,4,1,H,3,1,H,,11,13,5,3,10,9,4,6,1,1,0,0
15/02/2026,Oviedo,Ath Bilbao,1,2,A,1,0,H,,7,13,1,4,8,20,2,3,2,3,0,0
15/02/2026,Vallecano,Ath Madrid,3,0,H,2,0,H,,13,9,9,3,10,13,4,8,1,3,0,0
15/02/2026,Levante,Valencia,0,2,A,0,0,D,,9,5,1,2,11,10,3,2,3,2,1,0
15/02/2026,Mallorca,Betis,1,2,A,0,2,A,,14,17,3,8,16,10,7,3,4,3,0,0
16/02/2026,Girona,Barcelona,2,1,H,0,0,D,,13,27,9,4,10,6,3,7,1,2,1,0
18/02/2026,Levante,Villarreal,0,1,A,0,0,D,,16,15,4,6,13,20,3,2,3,4,0,0
20/02/2026,Ath Bilbao,Elche,2,1,H,0,0,D,,18,2,8,2,18,9,4,1,3,3,0,0
21/02/2026,Sociedad,Oviedo,3,3,D,0,0,D,,15,14,8,6,13,16,7,6,2,1,0,0
21/02/2026,Betis,Vallecano,1,1,D,1,1,D,,14,12,3,3,14,13,3,5,4,3,0,0
21/02/2026,Osasuna,Real Madrid,2,1,H,1,0,H,,13,15,2,5,19,10,3,7,2,4,0,0
21/02/2026,Ath Madrid,Espanol,4,2,H,1,1,D,,18,8,9,2,8,10,5,3,0,1,0,0
22/02/2026,Getafe,Sevilla,0,1,A,0,0,D,,6,6,3,1,5,18,2,2,1,1,1,0
22/02/2026,Barcelona,Levante,3,0,H,2,0,H,,22,5,9,2,12,10,13,6,2,1,0,0
22/02/2026,Celta,Mallorca,2,0,H,0,0,D,,20,1,7,0,11,10,7,2,1,5,0,0
22/02/2026,Villarreal,Valencia,2,1,H,2,1,H,,12,8,5,3,7,16,5,4,2,4,0,0
23/02/2026,Alaves,Girona,2,2,D,1,1,D,,17,10,6,5,18,6,7,6,2,2,0,0
27/02/2026,Levante,Alaves,2,0,H,0,0,D,,22,17,5,7,14,16,10,6,1,6,0,1
28/02/2026,Vallecano,Ath Bilbao,1,1,D,1,0,H,,15,8,7,2,8,17,5,4,2,3,0,0
28/02/2026,Barcelona,Villarreal,4,1,H,2,0,H,,19,6,8,1,11,9,3,2,2,1,0,0
28/02/2026,Mallorca,Sociedad,0,1,A,0,1,A,,6,12,1,2,6,22,3,7,0,2,0,0
28/02/2026,Oviedo,Ath Madrid,0,1,A,0,0,D,,16,12,6,1,12,6,8,3,2,2,0,0
01/03/2026,Elche,Espanol,2,2,D,1,1,D,,17,9,9,4,14,23,3,1,1,6,0,1
01/03/2026,Valencia,Osasuna,1,0,H,0,0,D,,14,8,1,0,14,13,5,4,3,3,0,0
01/03/2026,Betis,Sevilla,2,2,D,2,0,H,,9,14,2,6,12,15,4,3,3,3,0,0
01/03/2026,Girona,Celta,1,2,A,1,0,H,,15,7,7,5,9,8,10,6,2,2,0,0
02/03/2026,Real Madrid,Getafe,0,1,A,0,1,A,,18,9,7,3,11,17,10,2,4,6,1,1
04/03/2026,Vallecano,Oviedo,3,0,H,1,0,H,,19,8,7,2,10,10,12,2,0,2,0,0
06/03/2026,Celta,Real Madrid,1,2,A,1,1,D,,8,14,4,3,4,12,1,6,1,2,0,0
07/03/2026,Osasuna,Mallorca,2,2,D,0,1,A,,22,8,5,4,11,12,8,0,2,5,1,1
07/03/2026,Levante,Girona,1,1,D,0,0,D,,14,22,4,5,15,9,2,3,2,2,1,0
07/03/2026,Ath Madrid,Sociedad,3,2,H,1,1,D,,24,7,9,3,6,10,8,1,1,1,0,0
07/03/2026,Ath Bilbao,Barcelona,0,1,A,0,0,D,,10,7,3,2,11,9,2,4,2,1,0,0
08/03/2026,Villarreal,Elche,2,1,H,2,0,H,,16,13,7,6,11,16,4,6,1,2,0,0
08/03/2026,Getafe,Betis,2,0,H,2,0,H,,9,14,5,5,19,8,3,8,3,2,0,0
08/03/2026,Sevilla,Vallecano,1,1,D,1,0,H,,11,9,2,2,13,15,6,2,1,3,0,0
08/03/2026,Valencia,Alaves,3,2,H,0,1,A,,19,10,8,4,9,17,10,2,1,6,0,2
09/03/2026,Espanol,Oviedo,1,1,D,1,1,D,,28,6,9,3,19,13,8,0,3,2,0,0
13/03/2026,Alaves,Villarreal,1,1,D,1,0,H,,8,10,0,4,19,11,5,2,4,1,0,0
14/03/2026,Girona,Ath Bilbao,3,0,H,1,0,H,,14,20,6,9,8,16,2,9,0,2,0,0
14/03/2026,Ath Madrid,Getafe,1,0,H,1,0,H,,16,7,5,3,11,11,10,3,3,3,0,1
14/03/2026,Oviedo,Valencia,1,0,H,1,0,H,,11,13,6,2,12,11,4,7,3,2,0,0
14/03/2026,Real Madrid,Elche,4,1,H,2,0,H,,14,11,6,1,11,21,5,4,1,3,0,0
15/03/2026,Mallorca,Espanol,2,1,H,0,1,A,,26,10,12,2,11,14,5,6,3,3,0,1
15/03/2026,Barcelona,Sevilla,5,2,H,3,1,H,,13,8,8,4,5,14,3,4,0,1,0,0
15/03/2026,Betis,Celta,1,1,D,0,1,A,,19,7,6,3,11,16,3,4,2,3,0,0
15/03/2026,Sociedad,Osasuna,3,1,H,2,0,H,,14,13,6,5,16,11,3,5,3,0,0,0
16/03/2026,Vallecano,Levante,1,1,D,0,1,A,,18,19,4,5,10,13,5,6,3,5,1,0
20/03/2026,Villarreal,Sociedad,3,1,H,3,0,H,,21,11,10,4,10,11,4,5,0,2,0,0
21/03/2026,Elche,Mallorca,2,1,H,0,0,D,,13,11,4,4,12,11,2,2,2,2,0,0
21/03/2026,Espanol,Getafe,1,2,A,0,2,A,,15,10,5,5,14,20,12,9,2,7,0,0
21/03/2026,Levante,Oviedo,4,2,H,2,2,D,,20,10,8,2,17,18,3,1,2,3,0,0
21/03/2026,Osasuna,Girona,1,0,H,0,0,D,,19,5,11,0,18,7,6,2,2,1,0,0
21/03/2026,Sevilla,Valencia,0,2,A,0,2,A,,13,9,2,4,13,6,1,3,2,1,0,0
22/03/2026,Barcelona,Vallecano,1,0,H,1,0,H,,15,8,4,4,12,11,6,9,3,4,0,0
22/03/2026,Celta,Alaves,3,4,A,3,1,H,,12,14,5,6,13,16,4,1,2,2,0,0
22/03/2026,Ath Bilbao,Betis,2,1,H,2,0,H,,11,11,6,3,10,6,6,5,1,1,0,0
22/03/2026,Real Madrid,Ath Madrid,3,2,H,0,1,A,,17,13,10,7,2,15,4,1,1,4,1,0
03/04/2026,Vallecano,Elche,1,0,H,0,0,D,,21,9,5,4,17,9,9,4,0,4,0,1
04/04/2026,Sociedad,Levante,2,0,H,1,0,H,,18,8,5,4,11,15,11,5,2,3,0,0
04/04/2026,Mallorca,Real Madrid,2,1,H,1,0,H,,6,15,2,6,16,13,6,4,3,2,0,0
04/04/2026,Betis,Espanol,0,0,D,0,0,D,,19,8,6,1,12,18,4,3,1,3,0,0
04/04/2026,Ath Madrid,Barcelona,1,2,A,1,1,D,,6,22,2,8,15,11,1,9,6,2,1,0
05/04/2026,Getafe,Ath Bilbao,2,0,H,1,0,H,,10,5,6,0,11,11,4,3,3,1,0,0
05/04/2026,Valencia,Celta,2,3,A,1,0,H,,13,9,4,5,14,21,6,0,1,3,0,0
05/04/2026,Oviedo,Sevilla,1,0,H,1,0,H,,7,9,4,0,11,12,5,9,5,3,0,1
05/04/2026,Alaves,Osasuna,2,2,D,1,1,D,,18,8,6,5,7,17,7,1,2,5,0,0
06/04/2026,Girona,Villarreal,1,0,H,1,0,H,,10,9,2,0,8,9,7,4,2,2,0,0
10/04/2026,Real Madrid,Girona,1,1,D,0,0,D,,22,10,9,2,9,13,10,1,2,1,0,0
11/04/2026,Sociedad,Alaves,3,3,D,2,2,D,,12,12,4,2,11,18,9,5,2,4,1,0
11/04/2026,Elche,Valencia,1,0,H,0,0,D,,8,22,2,8,15,18,5,9,1,1,0,0
11/04/2026,Barcelona,Espanol,4,1,H,2,0,H,,20,10,10,2,10,18,7,5,3,6,0,0
11/04/2026,Sevilla,Ath Madrid,2,1,H,2,1,H,,11,13,2,2,7,12,6,6,4,4,0,0
12/04/2026,Osasuna,Betis,1,1,D,1,1,D,,12,8,4,3,14,12,6,3,3,4,0,0
12/04/2026,Mallorca,Vallecano,3,0,H,2,0,H,,12,17,4,3,13,11,6,7,1,4,0,0
12/04/2026,Celta,Oviedo,0,3,A,0,2,A,,9,8,6,5,9,13,4,1,1,2,0,0
12/04/2026,Ath Bilbao,Villarreal,1,2,A,0,2,A,,18,12,6,6,15,8,15,3,2,3,0,0
13/04/2026,Levante,Getafe,1,0,H,0,0,D,,22,5,4,1,12,24,8,2,2,7,0,1
21/04/2026,Ath Bilbao,Osasuna,1,0,H,1,0,H,,7,8,2,3,12,11,5,4,3,2,1,0
21/04/2026,Mallorca,Valencia,1,1,D,0,0,D,,20,10,8,3,9,12,7,4,0,2,0,0
21/04/2026,Girona,Betis,2,3,A,1,1,D,,9,7,2,3,11,18,3,1,1,3,0,0
21/04/2026,Real Madrid,Alaves,2,1,H,1,0,H,,24,19,8,5,14,12,9,6,1,1,0,0
22/04/2026,Elche,Ath Madrid,3,2,H,2,2,D,,14,6,6,3,11,12,13,3,2,2,0,1
22/04/2026,Sociedad,Getafe,0,1,A,0,1,A,,13,5,4,0,13,22,6,3,4,5,0,0
22/04/2026,Barcelona,Celta,1,0,H,1,0,H,,10,6,3,3,13,10,5,3,1,1,0,0
23/04/2026,Levante,Sevilla,2,0,H,1,0,H,,8,7,3,0,17,16,3,6,3,4,0,0
23/04/2026,Vallecano,Espanol,1,0,H,0,0,D,,17,15,6,4,12,15,6,5,2,4,0,0
23/04/2026,Oviedo,Villarreal,1,1,D,0,1,A,,16,7,4,3,9,11,7,0,1,1,0,0
24/04/2026,Betis,Real Madrid,1,1,D,0,1,A,,19,12,4,8,10,8,7,6,1,2,0,0
25/04/2026,Alaves,Mallorca,2,1,H,0,1,A,,15,4,4,2,15,14,9,4,2,1,0,0
25/04/2026,Getafe,Barcelona,0,2,A,0,1,A,,4,13,0,4,15,8,6,3,2,2,0,0
25/04/2026,Valencia,Girona,2,1,H,0,0,D,,12,7,3,4,22,8,4,4,2,2,0,0
25/04/2026,Ath Madrid,Ath Bilbao,3,2,H,0,1,A,,6,12,4,4,8,12,3,4,0,0,0,0
26/04/2026,Vallecano,Sociedad,3,3,D,1,1,D,,24,13,9,8,14,12,6,4,6,4,1,0
26/04/2026,Oviedo,Elche,1,2,A,0,2,A,,12,4,3,4,21,14,6,1,2,0,0,1
26/04/2026,Osasuna,Sevilla,2,1,H,0,0,D,,15,8,7,2,11,13,4,4,2,2,0,0
26/04/2026,Villarreal,Celta,2,1,H,2,0,H,,13,9,4,3,13,16,7,5,3,6,0,0
27/04/2026,Espanol,Levante,0,0,D,0,0,D,,9,8,3,4,12,15,4,4,3,3,1,0
