Player,Team,Goals,Matches Played,Coefficient,Season
K. Mbappé,Real Madrid,31,34,0.91,24-25
R. Lewandowski,Barcelona,27,34,0.79,24-25
A. Budimir,Osasuna,21,38,0.55,24-25
A. Sørloth,Ath Madrid,20,35,0.57,24-25
Ayoze,Villarreal,19,30,0.63,24-25
Raphinha,Barcelona,18,36,0.5,24-25
Julián Alvarez,Ath Madrid,17,37,0.46,24-25
Oihan Sancet,Ath Bilbao,15,29,0.52,24-25
Kike García,Alaves,13,35,0.37,24-25
Javi Puado,Espanol,12,35,0.34,24-25
Thierno Barry,Villarreal,11,35,0.31,24-25
D. Lukébakio,Sevilla,11,38,0.29,24-25
Borja Iglesias,Celta,11,37,0.3,24-25
C. Stuani,Girona,11,32,0.34,24-25
Hugo Duro,Valencia,11,31,0.35,24-25
Vinícius,Real Madrid,11,30,0.37,24-25
Fábio Silva,Las Palmas,10,24,0.42,24-25
Dani Olmo,Barcelona,10,25,0.4,24-25
Ferran Torres,Barcelona,10,27,0.37,24-25
Iago Aspas,Celta,10,30,0.33,24-25
Jorge De Frutos,Vallecano,6,36,0.17,24-25
F. Valverde,Real Madrid,6,36,0.17,24-25
Nico Williams,Ath Bilbao,5,29,0.17,24-25
Luis Rioja,Valencia,5,37,0.14,24-25
Aimar Oroz,Osasuna,5,37,0.14,24-25
Carlos Vicente,Alaves,5,37,0.14,24-25
Rubén García,Osasuna,5,36,0.14,24-25
Take Kubo,Sociedad,5,36,0.14,24-25
Juan Cruz,Leganes,5,34,0.15,24-25
Umar Sadiq,Valencia,5,23,0.22,24-25
Mamadou Sylla,Valladolid,5,29,0.17,24-25
Antony,Betis,5,17,0.29,24-25
Alfon González,Celta,5,26,0.19,24-25
Cucho,Betis,5,15,0.33,24-25
B. Mayoral,Getafe,5,24,0.21,24-25
Joan Jordán,Alaves,5,25,0.2,24-25
W. Swedberg,Celta,4,32,0.13,24-25
Pedri,Barcelona,4,37,0.11,24-25
Dani Rodríguez,Mallorca,4,37,0.11,24-25
Álvaro García,Vallecano,4,36,0.11,24-25
Isi Palazón,Vallecano,4,35,0.11,24-25
Ó. Mingueza,Celta,4,34,0.12,24-25
Pape Gueye,Villarreal,4,34,0.12,24-25
Yéremy Pino,Villarreal,4,34,0.12,24-25
Pathé Ciss,Vallecano,4,33,0.12,24-25
Raúl Moro,Valladolid,4,33,0.12,24-25
L. Cabrera,Espanol,4,33,0.12,24-25
C. Uche,Getafe,4,33,0.12,24-25
Dani Vivian,Ath Bilbao,4,32,0.13,24-25
Ramón Terrats,Getafe,4,26,0.15,24-25
Raúl García,Osasuna,4,32,0.13,24-25
Toni Martínez,Alaves,4,28,0.14,24-25
Juanlu Sánchez,Sevilla,4,32,0.13,24-25
Vitor Roque,Betis,4,22,0.18,24-25
Abel Ruiz,Girona,4,23,0.17,24-25
Hugo Álvarez,Celta,4,26,0.15,24-25
Pablo Durán,Celta,4,27,0.15,24-25
Munir,Leganes,4,25,0.16,24-25
A. Danjuma,Girona,4,28,0.14,24-25
Y. Herrera,Girona,4,29,0.14,24-25
Ángel Correa,Ath Madrid,4,31,0.13,24-25
Isaac Romero,Sevilla,4,31,0.13,24-25
Brahim Díaz,Real Madrid,4,31,0.13,24-25
Randy Nteka,Vallecano,3,24,0.13,24-25
Yáser Asprilla,Girona,3,27,0.11,24-25
Carles Pérez,Getafe,3,27,0.11,24-25
Brais Méndez,Sociedad,3,27,0.11,24-25
Pedro Díaz,Vallecano,3,26,0.12,24-25
Bryan Gil,Girona,3,25,0.12,24-25
S. Amallah,Valladolid,3,24,0.13,24-25
Gerard Moreno,Villarreal,3,17,0.18,24-25
Aitor Paredes,Ath Bilbao,3,23,0.13,24-25
O. Óskarsson,Sociedad,3,23,0.13,24-25
Sergio Camello,Vallecano,3,23,0.13,24-25
Álex Muñoz,Las Palmas,3,21,0.14,24-25
Tasos Douvikas,Celta,3,20,0.15,24-25
Pere Milla,Espanol,3,20,0.15,24-25
Pablo Torre,Barcelona,3,10,0.3,24-25
Diego García,Leganes,3,28,0.11,24-25
Artem Dovbyk,Girona,24,36,0.67,23-24
A. Sørloth,Villarreal,23,34,0.68,23-24
J. Bellingham,Real Madrid,19,28,0.68,23-24
R. Lewandowski,Barcelona,19,35,0.54,23-24
A. Budimir,Osasuna,16,33,0.48,23-24
A. Griezmann,Ath Madrid,16,33,0.48,23-24
Y. En-Nesyri,Sevilla,16,33,0.48,23-24
Vinícius,Real Madrid,15,26,0.58,23-24
B. Mayoral,Getafe,15,27,0.56,23-24
Á. Morata,Ath Madrid,15,32,0.47,23-24
G. Guruzeta,Ath Bilbao,14,32,0.44,23-24
J. Larsen,Celta,13,37,0.35,23-24
Hugo Duro,Valencia,13,37,0.35,23-24
I. Williams,Ath Bilbao,12,34,0.35,23-24
Myrto Uzuni,Granada,11,34,0.32,23-24
Gerard Moreno,Villarreal,10,30,0.33,23-24
Willian José,Betis,10,33,0.3,23-24
Joselu,Real Madrid,10,34,0.29,23-24
Rodrygo,Real Madrid,10,34,0.29,23-24
Savinho,Girona,9,37,0.24,23-24
Sergio Arribas,Almeria,9,34,0.26,23-24
Iago Aspas,Celta,9,35,0.26,23-24
Samu Aghehowa,Alaves,9,35,0.26,23-24
Ayoze,Betis,9,31,0.29,23-24
M. Oyarzabal,Sociedad,9,33,0.27,23-24
Ángel Correa,Ath Madrid,9,32,0.28,23-24
C. Stuani,Girona,9,31,0.29,23-24
Isco,Betis,8,29,0.28,23-24
V. Tsygankov,Girona,8,30,0.27,23-24
Fermín López,Barcelona,8,31,0.26,23-24
Brahim Díaz,Real Madrid,8,31,0.26,23-24
Morales,Villarreal,7,29,0.24,23-24
Ferran Torres,Barcelona,7,29,0.24,23-24
Vedat Muriqi,Mallorca,7,29,0.24,23-24
Take Kubo,Sociedad,7,30,0.23,23-24
João Félix,Barcelona,7,30,0.23,23-24
Tasos Douvikas,Celta,7,32,0.22,23-24
M. Greenwood,Getafe,7,33,0.21,23-24
Álex Berenguer,Ath Bilbao,7,35,0.2,23-24
Portu,Girona,7,36,0.19,23-24
R. Lewandowski,Barcelona,22,34,0.65,22-23
K. Benzema,Real Madrid,19,24,0.79,22-23
Joselu,Espanol,16,34,0.47,22-23
Borja,Iglesias Real Betis,15,35,0.43,22-23
Vedat,Muriqi Mallorca,15,35,0.43,22-23
A. Griezmann,Ath Madrid,15,38,0.39,22-23
Enes,Ünal Getafe,14,35,0.4,22-23
Taty,Castellanos Girona FC,13,35,0.37,22-23
Á. Morata,Ath Madrid,13,36,0.36,22-23
Iago,Aspas Celta,12,37,0.32,22-23
N. Jackson,Villarreal,12,26,0.46,22-23
A. Sørloth,Sociedad,12,34,0.35,22-23
Gabri,Veiga Celta,11,36,0.31,22-23
M. Braithwaite,Espanol,10,31,0.32,22-23
Vinícius,Real Madrid,10,33,0.3,22-23
Oihan,Sancet Athletic,10,36,0.28,22-23
I. Williams,Ath Bilbao,10,36,0.28,22-23
Ángel,Correa Atlético de Madrid,9,35,0.26,22-23
Take,Kubo Real Sociedad,9,35,0.26,22-23
Isi,Palazón Rayo Vallecano,9,37,0.24,22-23
Rodrygo,Real Madrid,9,34,0.26,22-23
M. Asensio,Real Madrid,9,31,0.29,22-23
C. Stuani,Girona,9,32,0.28,22-23
Cyle,Larin Real Valladolid,8,19,0.42,22-23
Chimy,Ávila Osasuna,8,29,0.28,22-23
Y. En-Nesyri,Sevilla,8,31,0.26,22-23
A. Budimir,Osasuna,8,31,0.26,22-23
Brais,Méndez Real Sociedad,8,34,0.24,22-23
B. Mayoral,Getafe,8,35,0.23,22-23
Y. Carrasco,Ath Madrid,7,35,0.2,22-23
Javi,Puado Espanyol,7,37,0.19,22-23
Ansu,Fati FC Barcelona,7,36,0.19,22-23
Raphinha,Barcelona,7,36,0.19,22-23
F. Valverde,Real Madrid,7,34,0.21,22-23
Lucas,Boyé Elche,7,35,0.2,22-23
Morales,Villarreal,7,29,0.24,22-23
Gerard,Moreno Villarreal,7,21,0.33,22-23
E. Touré,Almeria,7,21,0.33,22-23
Sergi,Darder Espanyol,6,38,0.16,22-23
S. Lino,Valencia,6,38,0.16,22-23
Álex,Baena Villarreal,6,35,0.17,22-23
S. Chukwueze,Villarreal,6,37,0.16,22-23
Nico,Williams Athletic,6,36,0.17,22-23
Kang-In,Lee Mallorca,6,36,0.17,22-23
Sergio,Camello Rayo Vallecano,6,38,0.16,22-23
Erik,Lamela Sevilla,6,32,0.19,22-23
G. Guruzeta,Ath Bilbao,6,30,0.2,22-23
Sergio,León Real Valladolid,6,29,0.21,22-23
Pedri,Barcelona,6,26,0.23,22-23
Justin,Kluivert Valencia,6,26,0.23,22-23
Lázaro,Almeria,6,19,0.32,22-23
Pere,Milla Elche,6,31,0.19,22-23
Éder,Militão Real Madrid,5,33,0.15,22-23
Álvaro,García Rayo Vallecano,5,35,0.14,22-23
O. Dembélé,Barcelona,5,25,0.2,22-23
Edinson,Cavani Valencia,5,25,0.2,22-23
Memphis,Ath Madrid,5,10,0.5,22-23
Luka,Modrić Real Madrid,4,33,0.12,22-23
Florian,Lejeune Rayo Vallecano,4,31,0.13,22-23
Tete,Morente Elche,4,32,0.13,22-23
J. Larsen,Celta,4,32,0.13,22-23
Ferran,Torres FC Barcelona,4,33,0.12,22-23
Álex,Berenguer Athletic,4,37,0.11,22-23
Nahuel,Molina Atlético de Madrid,4,33,0.12,22-23
E. Ponce,Elche,4,34,0.12,22-23
R. Riquelme,Girona,4,34,0.12,22-23
Yéremy,Pino Villarreal,4,36,0.11,22-23
Adrián,Embarba Almería,4,30,0.13,22-23
T. Bongonda,Cadiz,4,31,0.13,22-23
Sergio,Canales Real Betis,4,31,0.13,22-23
Ez,Abde Osasuna,4,28,0.14,22-23
Juanmi,Betis,4,22,0.18,22-23
Léo,Baptistão Almería,4,28,0.14,22-23
G. Escalante,Cadiz,4,14,0.29,22-23
Lucas,Ocampos Sevilla,4,19,0.21,22-23
Luis,Suárez Almería,4,21,0.19,22-23
Raúl,De Tomás Rayo Vallecano,4,19,0.21,22-23
Sergi,Roberto FC Barcelona,4,23,0.17,22-23
M. Oyarzabal,Sociedad,4,23,0.17,22-23
Lucas,Vázquez Real Madrid,4,23,0.17,22-23
Samu,Castillejo Valencia,4,25,0.16,22-23
G. Melero,Almeria,4,27,0.15,22-23
C. Montes,Espanol,3,20,0.15,22-23
Álex,Fernández Cádiz,3,28,0.11,22-23
Fidel,Elche,3,27,0.11,22-23
M. Hermoso,Ath Madrid,3,26,0.12,22-23
Iván,Martín Girona FC,3,24,0.13,22-23
A. Barrenetxea,Sociedad,3,23,0.13,22-23
J. Miranda,Betis,3,21,0.14,22-23
David,López Girona FC,3,20,0.15,22-23
João,Félix Atlético de Madrid,3,14,0.21,22-23
V. Tsygankov,Girona,3,19,0.16,22-23
Ayoze,Betis,3,19,0.16,22-23
Carmona,Elche,3,19,0.16,22-23
H. Seferović,Celta,3,18,0.17,22-23
Lucas,Pérez Cádiz,3,14,0.21,22-23
Diego,López Valencia,3,10,0.3,22-23
Umar,Sadiq Real Sociedad,3,5,0.6,22-23
Munir,Getafe,3,28,0.11,22-23
K. Benzema,Real Madrid,27,32,0.84,21-22
Iago Aspas,Celta,17,37,0.46,21-22
Raúl De Tomás,Espanol,17,34,0.5,21-22
Vinícius,Real Madrid,17,35,0.49,21-22
Enes Ünal,Getafe,16,37,0.43,21-22
Juanmi,Betis,16,33,0.48,21-22
Joselu,Alaves,14,37,0.38,21-22
Morales,Levante,13,35,0.37,21-22
Memphis,Barcelona,12,28,0.43,21-22
Ángel Correa,Ath Madrid,12,36,0.33,21-22
L. Suárez,Ath Madrid,11,35,0.31,21-22
G. Guedes,Valencia,11,36,0.31,21-22
Carlos Soler,Valencia,11,32,0.34,21-22
P. Aubameyang,Barcelona,11,17,0.65,21-22
A. Danjuma,Villarreal,10,23,0.43,21-22
M. Asensio,Real Madrid,10,31,0.32,21-22
Borja Iglesias,Betis,10,33,0.3,21-22
Rafa Mir,Sevilla,10,34,0.29,21-22
Jorge Molina,Granada,10,35,0.29,21-22
M. Oyarzabal,Sociedad,9,22,0.41,21-22
Willian José,Betis,9,32,0.28,21-22
Gerard Moreno,Villarreal,9,17,0.53,21-22
A. Budimir,Osasuna,8,28,0.29,21-22
Sergi Guardiola,Vallecano,8,32,0.25,21-22
Pere Milla,Elche,8,32,0.25,21-22
Luis Suárez,Granada,8,37,0.22,21-22
I. Williams,Ath Bilbao,8,38,0.21,21-22
João Félix,Ath Madrid,8,24,0.33,21-22
Hugo Duro,Valencia,7,31,0.23,21-22
Santi Mina,Celta,7,33,0.21,21-22
Álvaro García,Vallecano,7,36,0.19,21-22
Á. Negredo,Cadiz,7,34,0.21,21-22
G. Melero,Levante,7,29,0.24,21-22
Roger Martí,Levante,7,29,0.24,21-22
Lucas Boyé,Elche,7,24,0.29,21-22
Y. Carrasco,Ath Madrid,6,34,0.18,21-22
Antonio Puertas,Granada,6,33,0.18,21-22
Nabil Fekir,Betis,6,34,0.18,21-22
Choco Lozano,Cadiz,6,31,0.19,21-22
Manu Trigueros,Villarreal,6,35,0.17,21-22
Raúl García,Ath Bilbao,6,35,0.17,21-22
Alexander Isak,Sociedad,6,32,0.19,21-22
Chimy Ávila,Osasuna,6,36,0.17,21-22
Yéremy Pino,Villarreal,6,31,0.19,21-22
Matheus Cunha,Ath Madrid,6,29,0.21,21-22
Oihan Sancet,Ath Bilbao,6,27,0.22,21-22
R. Falcao,Vallecano,6,22,0.27,21-22
Luuk De Jong,Barcelona,6,21,0.29,21-22
B. Mayoral,Getafe,6,18,0.33,21-22
Lucas Ocampos,Sevilla,6,30,0.2,21-22
Papu Gómez,Sevilla,5,29,0.17,21-22
Sergio Canales,Betis,5,34,0.15,21-22
Pau Torres,Villarreal,5,33,0.15,21-22
Lucas Pérez,Cadiz,5,33,0.15,21-22
Fidel,Elche,5,33,0.15,21-22
Álex Moreno,Betis,5,30,0.17,21-22
Maxi Gómez,Valencia,5,29,0.17,21-22
Salva  Mallorca,Sevilla,5,28,0.18,21-22
Boulaye Dia,Villarreal,5,25,0.2,21-22
Y. En-Nesyri,Sevilla,5,23,0.22,21-22
Erik Lamela,Sevilla,5,20,0.25,21-22
G. Escalante,Alaves,5,17,0.29,21-22
Vedat Muriqi,Mallorca,5,16,0.31,21-22
Javi Puado,Espanol,4,30,0.13,21-22
Denis Suárez,Celta,4,38,0.11,21-22
Brais Méndez,Celta,4,37,0.11,21-22
Iker Muniain,Ath Bilbao,4,35,0.11,21-22
Ivan Rakitić,Sevilla,4,35,0.11,21-22
Rubén Sobrino,Cadiz,4,34,0.12,21-22
A. Sørloth,Sociedad,4,33,0.12,21-22
Rodrygo,Real Madrid,4,33,0.12,21-22
Ronald Araujo,Barcelona,4,30,0.13,21-22
Ángel,Mallorca,4,29,0.14,21-22
A. Elustondo,Sociedad,4,30,0.13,21-22
A. Pedraza,Villarreal,4,28,0.14,21-22
Jorge De Frutos,Levante,4,25,0.16,21-22
D. Machís,Granada,4,25,0.16,21-22
Thomas Lemar,Ath Madrid,4,24,0.17,21-22
Ferran Torres,Barcelona,4,18,0.22,21-22
Ansu Fati,Barcelona,4,10,0.4,21-22
Dani Gómez,Levante,4,28,0.14,21-22
A. Griezmann,Ath Madrid,3,29,0.1,21-22
Franco Cervi,Celta,3,33,0.09,21-22
F. De Jong,Barcelona,3,32,0.09,21-22
Álex Fernández,Cadiz,3,32,0.09,21-22
Tete Morente,Elche,3,32,0.09,21-22
Óscar Trejo,Vallecano,3,32,0.09,21-22
E. Bardhi,Levante,3,30,0.1,21-22
Lucas Vázquez,Real Madrid,3,29,0.1,21-22
Íñigo Martínez,Ath Bilbao,3,27,0.11,21-22
Sandro,Getafe,3,29,0.1,21-22
Nacho,Real Madrid,3,28,0.11,21-22
S. Chukwueze,Villarreal,3,27,0.11,21-22
Alberto Moreno,Villarreal,3,24,0.13,21-22
Abdón Prats,Mallorca,3,23,0.13,21-22
R. Soldado,Levante,3,18,0.17,21-22
Pedri,Barcelona,3,12,0.25,21-22
Adnan Januzaj,Sociedad,3,33,0.09,21-22
L. Messi,Barcelona,30,35,0.86,20-21
K. Benzema,Real Madrid,23,34,0.68,20-21
Gerard Moreno,Villarreal,23,33,0.7,20-21
L. Suárez,Ath Madrid,21,32,0.66,20-21
Y. En-Nesyri,Sevilla,18,38,0.47,20-21
Alexander Isak,Sociedad,16,34,0.47,20-21
Iago Aspas,Celta,14,33,0.42,20-21
A. Griezmann,Barcelona,13,36,0.36,20-21
Morales,Levante,13,38,0.34,20-21
Rafa Mir,Huesca,13,38,0.34,20-21
Santi Mina,Celta,12,34,0.35,20-21
Kike García,Eibar,12,37,0.32,20-21
Roger Martí,Levante,12,33,0.36,20-21
M. Llorente,Ath Madrid,12,37,0.32,20-21
Borja Iglesias,Betis,11,28,0.39,20-21
A. Budimir,Osasuna,11,30,0.37,20-21
Carlos Soler,Valencia,11,32,0.34,20-21
M. Oyarzabal,Sociedad,11,33,0.33,20-21
Joselu,Alaves,11,37,0.3,20-21
R. Soldado,Granada,9,29,0.31,20-21
Brais Méndez,Celta,9,34,0.26,20-21
Ángel Correa,Ath Madrid,9,38,0.24,20-21
Á. Negredo,Cadiz,8,35,0.23,20-21
Portu,Sociedad,8,37,0.22,20-21
Álex Berenguer,Ath Bilbao,8,35,0.23,20-21
Jorge Molina,Granada,8,33,0.24,20-21
Sergio Canales,Betis,8,31,0.26,20-21
G. Melero,Levante,7,29,0.24,20-21
João Félix,Ath Madrid,7,31,0.23,20-21
Maxi Gómez,Valencia,7,31,0.23,20-21
Lucas Boyé,Elche,7,34,0.21,20-21
Roberto Torres,Osasuna,7,35,0.2,20-21
Nolito,Celta,7,36,0.19,20-21
I. Williams,Ath Bilbao,6,38,0.16,20-21
Casemiro,Real Madrid,6,34,0.18,20-21
S. Weissman,Valladolid,6,32,0.19,20-21
Y. Carrasco,Ath Madrid,6,30,0.2,20-21
F. Orellana,Valladolid,6,30,0.2,20-21
O. Dembélé,Barcelona,6,30,0.2,20-21
Fidel,Elche,6,30,0.2,20-21
P. Alcácer,Villarreal,6,27,0.22,20-21
Sandro,Huesca,6,20,0.3,20-21
Óscar Plano,Valladolid,5,36,0.14,20-21
Luka Modrić,Real Madrid,5,35,0.14,20-21
M. Asensio,Real Madrid,5,35,0.14,20-21
Lucas Ocampos,Sevilla,5,34,0.15,20-21
Raúl García,Ath Bilbao,5,34,0.15,20-21
Nabil Fekir,Betis,5,33,0.15,20-21
J. Mata,Getafe,5,33,0.15,20-21
Édgar Méndez,Alaves,5,33,0.15,20-21
Ángel,Getafe,5,33,0.15,20-21
D. Machís,Granada,5,32,0.16,20-21
G. Guedes,Valencia,5,31,0.16,20-21
Manu Vallejo,Valencia,5,30,0.17,20-21
Cristian Tello,Betis,5,29,0.17,20-21
Iker Muniain,Ath Bilbao,5,28,0.18,20-21
Luis Suárez,Granada,5,27,0.19,20-21
J. Calleri,Osasuna,5,25,0.2,20-21
C. Bacca,Villarreal,5,23,0.22,20-21
Pere Milla,Elche,4,32,0.13,20-21
Josan,Elche,4,33,0.12,20-21
Luuk De Jong,Sevilla,4,34,0.12,20-21
Luis Rioja,Alaves,4,35,0.11,20-21
Jorge De Frutos,Levante,4,37,0.11,20-21
Asier Villalibre,Ath Bilbao,4,35,0.11,20-21
D. Wass,Valencia,4,35,0.11,20-21
Bryan Gil,Eibar,4,29,0.14,20-21
Ivan Rakitić,Sevilla,4,37,0.11,20-21
Gabriel Paulista,Valencia,4,31,0.13,20-21
Moi Gómez,Villarreal,4,35,0.11,20-21
Enes Ünal,Getafe,4,28,0.14,20-21
Álex Fernández,Cadiz,4,25,0.16,20-21
Lucas Pérez,Alaves,4,28,0.14,20-21
Marcos André,Valladolid,4,23,0.17,20-21
Munir,Sevilla,4,24,0.17,20-21
Ansu Fati,Barcelona,4,7,0.57,20-21
Adnan Januzaj,Sociedad,4,27,0.15,20-21
Kévin Gameiro,Valencia,4,27,0.15,20-21
S. Chukwueze,Villarreal,4,28,0.14,20-21
Kenedy,Granada,4,28,0.14,20-21
Unai López,Ath Bilbao,3,26,0.12,20-21
Fernando,Sevilla,3,31,0.1,20-21
A. Barrenetxea,Sociedad,3,31,0.1,20-21
Choco Lozano,Cadiz,3,29,0.1,20-21
Juan Cala,Cadiz,3,28,0.11,20-21
Toni Kroos,Real Madrid,3,28,0.11,20-21
Trincão,Barcelona,3,28,0.11,20-21
Aïssa Mandi,Betis,3,28,0.11,20-21
Sergi Enrich,Eibar,3,27,0.11,20-21
Fer Niño,Villarreal,3,17,0.18,20-21
Yéremy Pino,Villarreal,3,24,0.13,20-21
F. Valverde,Real Madrid,3,24,0.13,20-21
G. Carrillo,Elche,3,21,0.14,20-21
Papu Gómez,Sevilla,3,18,0.17,20-21
Roberto López,Sociedad,3,17,0.18,20-21
A. Sanabria,Betis,3,16,0.19,20-21
E. Burgos,Eibar,3,14,0.21,20-21
E. Hazard,Real Madrid,3,14,0.21,20-21
Willian José,Sociedad,3,13,0.23,20-21
Hugo Mallo,Celta,3,31,0.1,20-21
L. Messi,Barcelona,25,33,0.76,19-20
K. Benzema,Real Madrid,21,37,0.57,19-20
Gerard Moreno,Villarreal,18,35,0.51,19-20
L. Suárez,Barcelona,16,28,0.57,19-20
Raúl García,Ath Bilbao,15,35,0.43,19-20
Iago Aspas,Celta,14,37,0.38,19-20
Lucas Ocampos,Sevilla,14,33,0.42,19-20
Ante Budimir,Mallorca,13,35,0.37,19-20
Álvaro Morata,Ath Madrid,12,34,0.35,19-20
Santi Cazorla,Villarreal,11,35,0.31,19-20
Willian José,Sociedad,11,37,0.3,19-20
Joselu,Alaves,11,36,0.31,19-20
Roger Martí,Levante,11,36,0.31,19-20
Jaime Mata,Getafe,11,34,0.32,19-20
Lucas Pérez,Alaves,11,34,0.32,19-20
Sergio Ramos,Real Madrid,11,35,0.31,19-20
Ángel Rodríguez,Getafe,10,32,0.31,19-20
Loren Morón,Betis,10,36,0.28,19-20
Mikel Oyarzabal,Sociedad,10,37,0.27,19-20
Carlos Fernández,Granada,10,34,0.29,19-20
A. Griezmann,Barcelona,9,35,0.26,19-20
Alexander Isak,Sociedad,9,37,0.24,19-20
Maxi Gómez,Valencia,9,33,0.27,19-20
Chimy Ávila,Osasuna,9,20,0.45,19-20
Óscar Rodríguez,Leganes,9,30,0.3,19-20
Fabián Orellana,Eibar,8,29,0.28,19-20
Darwin Machís,Granada,7,36,0.19,19-20
Portu,Sociedad,7,35,0.2,19-20
Nabil Fekir,Betis,7,32,0.22,19-20
Moi Gómez,Villarreal,5,37,0.14,19-20
Wu Lei,Espanol,4,33,0.12,19-20
Morales,Levante,4,38,0.11,19-20
Óscar Plano,Valladolid,4,36,0.11,19-20
Toni Kroos,Real Madrid,4,35,0.11,19-20
Lago Junior,Mallorca,4,35,0.11,19-20
Casemiro,Real Madrid,4,35,0.11,19-20
Edu Expósito,Eibar,4,35,0.11,19-20
Take Kubo,Mallorca,4,35,0.11,19-20
Ferran Torres,Valencia,4,34,0.12,19-20
Rodrigo Moreno,Valencia,4,27,0.15,19-20
David López,Espanol,4,32,0.13,19-20
Koke,Ath Madrid,4,32,0.13,19-20
M. Ødegaard,Sociedad,4,31,0.13,19-20
Rubén Rochina,Levante,4,28,0.14,19-20
Adnan Januzaj,Sociedad,4,24,0.17,19-20
Raúl De Tomás,Espanol,4,14,0.29,19-20
P. Alcácer,Villarreal,4,13,0.31,19-20
Rafinha,Celta,4,32,0.13,19-20
Vitolo,Ath Madrid,3,28,0.11,19-20
Luka Modrić,Real Madrid,3,31,0.1,19-20
F. Vázquez,Sevilla,3,31,0.1,19-20
Marc Bartra,Betis,3,30,0.1,19-20
Aridane,Osasuna,3,29,0.1,19-20
M. Llorente,Ath Madrid,3,29,0.1,19-20
Vinícius,Real Madrid,3,29,0.1,19-20
Óliver Torres,Sevilla,3,28,0.11,19-20
A. Vadillo,Granada,3,22,0.14,19-20
Bernardo,Espanol,3,26,0.12,19-20
Sandro,Valladolid,3,24,0.13,19-20
P. Bigas,Eibar,3,23,0.13,19-20
David Timor,Getafe,3,22,0.14,19-20
Arthur,Barcelona,3,21,0.14,19-20
Enric Gallego,Osasuna,3,19,0.16,19-20
Asier Villalibre,Ath Bilbao,3,19,0.16,19-20
M. Asensio,Real Madrid,3,9,0.33,19-20
É. Banega,Sevilla,3,33,0.09,19-20
L. Messi,Barcelona,36,34,1.06,18-19
K. Benzema,Real Madrid,21,36,0.58,18-19
L. Suárez,Barcelona,21,33,0.64,18-19
Iago Aspas,Celta,20,27,0.74,18-19
C. Stuani,Girona,19,32,0.59,18-19
W. Ben Yedder,Sevilla,18,35,0.51,18-19
Borja Iglesias,Espanol,17,37,0.46,18-19
A. Griezmann,Ath Madrid,15,37,0.41,18-19
J. Mata,Getafe,14,34,0.41,18-19
Jorge Molina,Getafe,14,38,0.37,18-19
Charles,Eibar,14,34,0.41,18-19
Raúl De Tomás,Vallecano,14,33,0.42,18-19
Roger Martí,Levante,13,31,0.42,18-19
M. Oyarzabal,Sociedad,13,37,0.35,18-19
Maxi Gómez,Celta,13,35,0.37,18-19
Pablo Sarabia,Sevilla,12,33,0.36,18-19
Morales,Levante,12,37,0.32,18-19
I. Williams,Ath Bilbao,12,38,0.32,18-19
Willian José,Sociedad,11,31,0.35,18-19
Toko Ekambi,Villarreal,10,34,0.29,18-19
Chimy Ávila,Huesca,10,34,0.29,18-19
Portu,Girona,9,34,0.26,18-19
Dani Parejo,Valencia,9,36,0.25,18-19
J. Calleri,Alaves,9,34,0.26,18-19
Raúl García,Ath Bilbao,9,33,0.27,18-19
André Silva,Sevilla,9,27,0.33,18-19
G. Lo Celso,Betis,9,32,0.28,18-19
G. Bale,Real Madrid,8,29,0.28,18-19
O. Dembélé,Barcelona,8,29,0.28,18-19
Y. En-Nesyri,Leganes,8,31,0.26,18-19
Rodrigo Moreno,Valencia,8,33,0.24,18-19
Gerard Moreno,Villarreal,8,35,0.23,18-19
Ángel,Getafe,8,37,0.22,18-19
Iker Muniain,Ath Bilbao,7,34,0.21,18-19
Sergi Enrich,Eibar,7,35,0.2,18-19
Santi Mina,Valencia,7,30,0.23,18-19
Sergio Canales,Betis,7,32,0.22,18-19
G. Carrillo,Leganes,6,32,0.19,18-19
Enes Ünal,Valladolid,6,33,0.18,18-19
Loren Morón,Betis,6,33,0.18,18-19
Kévin Gameiro,Valencia,6,33,0.18,18-19
C. Bacca,Villarreal,6,33,0.18,18-19
Á. Morata,Ath Madrid,6,15,0.4,18-19
Brais Méndez,Celta,6,31,0.19,18-19
Joaquín,Betis,6,30,0.2,18-19
Sergio Ramos,Real Madrid,6,28,0.21,18-19
Munir,Sevilla,6,23,0.26,18-19
Adrián Embarba,Vallecano,5,36,0.14,18-19
P. Coutinho,Barcelona,5,34,0.15,18-19
Juanmi,Sociedad,5,30,0.17,18-19
Borja Bastón,Alaves,5,27,0.19,18-19
S. Chukwueze,Villarreal,5,26,0.19,18-19
Enric Gallego,Huesca,5,19,0.26,18-19
G. Guedes,Valencia,5,25,0.2,18-19
Saúl,Ath Madrid,4,33,0.12,18-19
J. Campaña,Levante,4,36,0.11,18-19
Joan Jordán,Eibar,4,36,0.11,18-19
Jony,Alaves,4,36,0.11,18-19
Santi Cazorla,Villarreal,4,35,0.11,18-19
Álvaro García,Vallecano,4,35,0.11,18-19
Sergi Darder,Espanol,4,34,0.12,18-19
Cucho,Huesca,4,34,0.12,18-19
G. Piqué,Barcelona,4,35,0.11,18-19
G. Escalante,Eibar,4,32,0.13,18-19
Óscar Rodríguez,Leganes,4,31,0.13,18-19
Cristian Tello,Betis,4,29,0.14,18-19
Rubén Rochina,Levante,4,27,0.15,18-19
Coke Andújar,Levante,4,27,0.15,18-19
N. El Zhar,Leganes,4,27,0.15,18-19
Álex Gallar,Huesca,4,25,0.16,18-19
Etxeita,Huesca,4,31,0.13,18-19
M. Braithwaite,Leganes,4,19,0.21,18-19
N. Araujo,Celta,3,32,0.09,18-19
José Pozo,Vallecano,3,29,0.1,18-19
Kike García,Eibar,3,30,0.1,18-19
Diego Godín,Ath Madrid,3,30,0.1,18-19
Koke,Ath Madrid,3,30,0.1,18-19
Jonathan Silva,Leganes,3,30,0.1,18-19
M. Hermoso,Espanol,3,32,0.09,18-19
Ibai Gómez,Ath Bilbao,3,32,0.09,18-19
Thomas,Ath Madrid,3,32,0.09,18-19
Jorge Pulido,Huesca,3,32,0.09,18-19
É. Banega,Sevilla,3,32,0.09,18-19
B. Mayoral,Levante,3,29,0.1,18-19
Casemiro,Real Madrid,3,29,0.1,18-19
V. Iborra,Villarreal,3,19,0.16,18-19
Mikel Merino,Sociedad,3,29,0.1,18-19
E. Granero,Espanol,3,28,0.11,18-19
Isco,Real Madrid,3,27,0.11,18-19
D. Foulquier,Getafe,3,25,0.12,18-19
Junior Firpo,Betis,3,24,0.13,18-19
Rubén Sobrino,Valencia,3,24,0.13,18-19
Dani Ceballos,Real Madrid,3,23,0.13,18-19
Á. Medrán,Vallecano,3,21,0.14,18-19
Rosales,Espanol,3,21,0.14,18-19
Sergi Guardiola,Valladolid,3,20,0.15,18-19
Marc Cardona,Eibar,3,17,0.18,18-19
Wu Lei,Espanol,3,16,0.19,18-19
Mariano,Real Madrid,3,13,0.23,18-19
A. Vidal,Barcelona,3,33,0.09,18-19
L. Messi,Barcelona,34,36,0.94,17-18
C. Ronaldo,Real Madrid,26,27,0.96,17-18
L. Suárez,Barcelona,25,33,0.76,17-18
Iago Aspas,Celta,22,34,0.65,17-18
C. Stuani,Girona,21,33,0.64,17-18
A. Griezmann,Ath Madrid,19,32,0.59,17-18
Maxi Gómez,Celta,17,36,0.47,17-18
G. Bale,Real Madrid,16,26,0.62,17-18
Rodrigo Moreno,Valencia,16,37,0.43,17-18
Gerard Moreno,Espanol,16,38,0.42,17-18
Willian José,Sociedad,15,34,0.44,17-18
C. Bacca,Villarreal,15,35,0.43,17-18
S. Zaza,Valencia,13,33,0.39,17-18
Ángel,Getafe,13,33,0.39,17-18
Santi Mina,Valencia,12,32,0.38,17-18
M. Oyarzabal,Sociedad,12,35,0.34,17-18
Sergio León,Betis,11,31,0.35,17-18
Portu,Girona,11,37,0.3,17-18
Munir,Alaves,10,33,0.3,17-18
Raúl García,Ath Bilbao,10,34,0.29,17-18
Morales,Levante,10,35,0.29,17-18
J. Calleri,Las Palmas,9,37,0.24,17-18
Paulinho,Barcelona,9,34,0.26,17-18
A. Aduriz,Ath Bilbao,9,33,0.27,17-18
Adrián,La Coruna,9,30,0.3,17-18
E. Bardhi,Levante,9,26,0.35,17-18
C. Bakambu,Villarreal,9,15,0.6,17-18
W. Ben Yedder,Sevilla,9,25,0.36,17-18
A. Sanabria,Betis,8,17,0.47,17-18
L. Rémy,Getafe,8,23,0.35,17-18
Charles,Eibar,8,30,0.27,17-18
Juanmi,Sociedad,8,30,0.27,17-18
Lucas Pérez,La Coruna,8,35,0.23,17-18
Kike García,Eibar,8,35,0.23,17-18
Léo Baptistão,Espanol,8,36,0.22,17-18
Ángel Correa,Ath Madrid,8,37,0.22,17-18
Ibai Gómez,Alaves,7,34,0.21,17-18
I. Williams,Ath Bilbao,7,38,0.18,17-18
A. Illarramendi,Sociedad,7,36,0.19,17-18
Jorge Molina,Getafe,7,36,0.19,17-18
Dani Parejo,Valencia,7,34,0.21,17-18
Loren Morón,Betis,7,15,0.47,17-18
Isco,Real Madrid,7,30,0.23,17-18
Florin Andone,La Coruna,7,29,0.24,17-18
Kévin Gameiro,Ath Madrid,7,25,0.28,17-18
P. Coutinho,Barcelona,7,18,0.39,17-18
Joan Jordán,Eibar,6,35,0.17,17-18
Pablo Sarabia,Sevilla,6,34,0.18,17-18
M. Asensio,Real Madrid,6,32,0.19,17-18
Enes Ünal,Villarreal,6,30,0.2,17-18
E. Boateng,Levante,6,25,0.24,17-18
Samu Castillejo,Villarreal,6,30,0.2,17-18
Casemiro,Real Madrid,5,30,0.17,17-18
Juanpe,Girona,5,35,0.14,17-18
T. Inui,Eibar,5,34,0.15,17-18
G. Guedes,Valencia,5,33,0.15,17-18
K. Benzema,Real Madrid,5,32,0.16,17-18
P. Sisto,Celta,5,34,0.15,17-18
G. Pires,Leganes,5,29,0.17,17-18
Toni Kroos,Real Madrid,5,27,0.19,17-18
Fernando Torres,Ath Madrid,5,27,0.19,17-18
D. Rolan,Malaga,5,26,0.19,17-18
N. Sansone,Villarreal,5,18,0.28,17-18
F. Vázquez,Sevilla,4,30,0.13,17-18
Sergio Canales,Sociedad,4,36,0.11,17-18
Koke,Ath Madrid,4,35,0.11,17-18
D. Wass,Celta,4,35,0.11,17-18
Joaquín,Betis,4,35,0.11,17-18
Javier Eraso,Leganes,4,34,0.12,17-18
Lucas Vázquez,Real Madrid,4,33,0.12,17-18
Cristian Tello,Betis,4,32,0.13,17-18
Nolito,Sevilla,4,30,0.13,17-18
G. Kondogbia,Valencia,4,31,0.13,17-18
Ivi López,Levante,4,29,0.14,17-18
M. Guerrero,Leganes,4,22,0.18,17-18
Sergio Ramos,Real Madrid,4,26,0.15,17-18
P. Alcácer,Barcelona,4,17,0.24,17-18
M. Bergara,Getafe,4,18,0.22,17-18
Iker Muniain,Ath Bilbao,4,14,0.29,17-18
Jonathan Viera,Las Palmas,4,23,0.17,17-18
Y. En-Nesyri,Malaga,4,25,0.16,17-18
Chory Castro,Malaga,4,26,0.15,17-18
Borja Valle,La Coruna,3,17,0.18,17-18
Diego Llorente,Sociedad,3,27,0.11,17-18
Xabi Prieto,Sociedad,3,26,0.12,17-18
J. Guidetti,Alaves,3,25,0.12,17-18
A. Elustondo,Sociedad,3,19,0.16,17-18
Sergi Enrich,Eibar,3,19,0.16,17-18
Coke Andújar,Levante,3,17,0.18,17-18
F. Orellana,Eibar,3,17,0.18,17-18
I. Ramis,Eibar,3,16,0.19,17-18
O. Dembélé,Barcelona,3,17,0.18,17-18
Roger Martí,Levante,3,17,0.18,17-18
Y. Carrasco,Ath Madrid,3,17,0.18,17-18
Diego Costa,Ath Madrid,3,15,0.2,17-18
Z. Feddal,Betis,3,15,0.2,17-18
M. Olunga,Girona,3,14,0.21,17-18
B. Mayoral,Real Madrid,3,14,0.21,17-18
Nacho,Real Madrid,3,27,0.11,17-18
Lionel Messi,Barcelona,37,34,1.09,16-17
Luis Suárez,Barcelona,28,35,0.8,16-17
Cristiano Ronaldo,Real Madrid,25,29,0.86,16-17
Iago Aspas,Celta,19,32,0.59,16-17
Antoine Griezmann,Ath Madrid,16,36,0.44,16-17
Aritz Aduriz,Ath Bilbao,16,32,0.5,16-17
Álvaro Morata,Real Madrid,15,26,0.58,16-17
Sandro Ramírez,Malaga,14,30,0.47,16-17
Neymar,Barcelona,13,30,0.43,16-17
Gerard Moreno,Espanol,13,37,0.35,16-17
Rubén Castro,Betis,13,35,0.37,16-17
Willian José,Sociedad,12,28,0.43,16-17
Florin Andone,La Coruna,12,37,0.32,16-17
Kévin Gameiro,Ath Madrid,12,31,0.39,16-17
Wissam Ben Yedder,Sevilla,11,31,0.35,16-17
Karim Benzema,Real Madrid,11,29,0.38,16-17
Juanmi,Sociedad,11,35,0.31,16-17
Sergi Enrich,Eibar,11,38,0.29,16-17
Pablo Piatti,Espanol,10,30,0.33,16-17
Isco,Real Madrid,10,30,0.33,16-17
Pedro León,Eibar,10,37,0.27,16-17
Kevin-Prince Boateng,Las Palmas,10,28,0.36,16-17
Raúl García,Ath Bilbao,10,36,0.28,16-17
Yannick Carrasco,Ath Madrid,10,35,0.29,16-17
Sergio León,Osasuna,10,33,0.3,16-17
Y. Carrasco,Ath Madrid,10,35,0.29,16-17
C. Vela,Sociedad,9,35,0.26,16-17
Duje Čop,Sp Gijon,9,31,0.29,16-17
R. Soriano,Villarreal,9,33,0.27,16-17
C. Carmona,Sp Gijon,8,25,0.32,16-17
A. Szymanowski,Leganes,8,28,0.29,16-17
Fernando Torres,Ath Madrid,8,31,0.26,16-17
N. Sansone,Villarreal,8,32,0.25,16-17
Ivan Rakitić,Barcelona,8,32,0.25,16-17
Pablo Sarabia,Sevilla,8,34,0.24,16-17
Xabi Prieto,Sociedad,8,38,0.21,16-17
James,Real Madrid,8,22,0.36,16-17
V. Iborra,Sevilla,7,31,0.23,16-17
Iker Muniain,Ath Bilbao,7,35,0.2,16-17
Roberto Torres,Osasuna,7,32,0.22,16-17
Deyverson,Alaves,7,32,0.22,16-17
Jonathan Viera,Las Palmas,7,31,0.23,16-17
Adrián,Eibar,7,28,0.25,16-17
F. Vázquez,Sevilla,7,30,0.23,16-17
Sergio Ramos,Real Madrid,7,28,0.25,16-17
Kenan Kodro,Osasuna,7,28,0.25,16-17
Kike García,Eibar,7,24,0.29,16-17
G. Bale,Real Madrid,7,19,0.37,16-17
Munir,Valencia,6,34,0.18,16-17
C. Borges,La Coruna,6,34,0.18,16-17
Santi Mina,Valencia,6,29,0.21,16-17
Pablo Fornals,Malaga,6,32,0.19,16-17
Vitolo,Sevilla,6,30,0.2,16-17
Stevan Jovetić,Sevilla,6,21,0.29,16-17
L. Vietto,Sevilla,6,21,0.29,16-17
P. Alcácer,Barcelona,6,21,0.29,16-17
S. Zaza,Valencia,6,20,0.3,16-17
Rafinha,Barcelona,6,18,0.33,16-17
L Leo Baptistão,Espanol,6,21,0.29,16-17
Ibai Gómez,Alaves,5,29,0.17,16-17
I. Williams,Ath Bilbao,5,38,0.13,16-17
Manu Trigueros,Villarreal,5,37,0.14,16-17
Dani Parejo,Valencia,5,36,0.14,16-17
Andreas Pereira,Granada,5,35,0.14,16-17
G. Pires,Leganes,5,34,0.15,16-17
M. Guerrero,Leganes,5,31,0.16,16-17
Bruno,Villarreal,5,34,0.15,16-17
A. Kravets,Granada,5,26,0.19,16-17
Marko Livaja,Las Palmas,5,25,0.2,16-17
M. Lemos,Las Palmas,5,23,0.22,16-17
Carcela-González,Granada,5,22,0.23,16-17
Joselu,La Coruna,5,20,0.25,16-17
Nani,Valencia,5,25,0.2,16-17
Rodrigo Moreno,Valencia,5,19,0.26,16-17
P. Bigas,Las Palmas,4,32,0.13,16-17
E. Garay,Valencia,4,27,0.15,16-17
Ángel Correa,Ath Madrid,4,31,0.13,16-17
Tana,Las Palmas,4,32,0.13,16-17
I. Camacho,Malaga,4,35,0.11,16-17
Saúl,Ath Madrid,4,33,0.12,16-17
M. San José,Ath Bilbao,4,35,0.11,16-17
Koke,Ath Madrid,4,36,0.11,16-17
N. El Zhar,Leganes,4,26,0.15,16-17
Édgar Méndez,Alaves,4,27,0.15,16-17
G. Rossi,Celta,4,18,0.22,16-17
J. Correa,Sevilla,4,26,0.15,16-17
Casemiro,Real Madrid,4,25,0.16,16-17
Luciano Neves,Leganes,4,25,0.16,16-17
Carlos Castro,Sp Gijon,4,25,0.16,16-17
J. Guidetti,Celta,4,23,0.17,16-17
A. Sanabria,Betis,4,22,0.18,16-17
Oriol Riera,Osasuna,4,22,0.18,16-17
Ramos,Granada,4,14,0.29,16-17
R. Babel,La Coruna,4,11,0.36,16-17
R. Soldado,Villarreal,4,10,0.4,16-17
Jon Bautista,Sociedad,3,12,0.25,16-17
M. Santos,Malaga,3,14,0.21,16-17
Jesé Rodríguez,Las Palmas,3,16,0.19,16-17
A. Turan,Barcelona,3,18,0.17,16-17
Recio,Malaga,3,18,0.17,16-17
Luis Suárez,Barcelona,40,35,1.14,15-16
Cristiano Ronaldo,Real Madrid,35,36,0.97,15-16
Lionel Messi,Barcelona,26,33,0.79,15-16
Neymar,Barcelona,24,34,0.71,15-16
Karim Benzema,Real Madrid,24,27,0.89,15-16
Antoine Griezmann,Ath Madrid,22,38,0.58,15-16
Aritz Aduriz,Ath Bilbao,20,34,0.59,15-16
Gareth Bale,Real Madrid,19,23,0.83,15-16
Rubén Castro,Betis,19,38,0.5,15-16
Borja Bastón,Eibar,18,36,0.5,15-16
Lucas Pérez,La Coruna,17,36,0.47,15-16
Kévin Gameiro,Sevilla,16,31,0.52,15-16
Youssef El-Arabi,Granada,15,35,0.43,15-16
Iago Aspas,Celta,14,35,0.4,15-16
Imanol Agirretxe,Sociedad,13,16,0.81,15-16
Paco Alcácer,Valencia,13,34,0.38,15-16
Nolito,Celta,12,29,0.41,15-16
Charles,Malaga,12,35,0.34,15-16
Cédric Bakambu,Villarreal,12,34,0.35,15-16
Javi Guerra,Vallecano,12,30,0.4,15-16
Fernando Torres,Ath Madrid,11,30,0.37,15-16
Antonio Sanabria,Sp Gijon,11,29,0.38,15-16
Jonathan Viera,Las Palmas,10,36,0.28,15-16
Jozabed Sánchez,Vallecano,10,27,0.37,15-16
Sergi Enrich,Eibar,9,38,0.24,15-16
F. Caicedo,Espanol,8,31,0.26,15-16
Dani Parejo,Valencia,8,33,0.24,15-16
I. Williams,Ath Bilbao,8,25,0.32,15-16
J. Guidetti,Celta,7,35,0.2,15-16
H. Pérez,Espanol,7,32,0.22,15-16
Carlos Castro,Sp Gijon,7,25,0.28,15-16
Ivan Rakitić,Barcelona,7,36,0.19,15-16
Morales,Levante,7,35,0.2,15-16
F. Orellana,Celta,7,33,0.21,15-16
Gerard Moreno,Espanol,7,32,0.22,15-16
Raúl García,Ath Bilbao,7,31,0.23,15-16
Pablo Sarabia,Getafe,7,31,0.23,15-16
Duje Čop,Malaga,7,31,0.23,15-16
V. Iborra,Sevilla,7,29,0.24,15-16
Jonathas,Sociedad,7,27,0.26,15-16
James,Real Madrid,7,26,0.27,15-16
Isaac Success,Granada,6,30,0.2,15-16
Rubén Rochina,Granada,6,35,0.17,15-16
S. Šćepović,Getafe,6,34,0.18,15-16
G. Rossi,Levante,6,17,0.35,15-16
Luis Alberto,La Coruna,6,29,0.21,15-16
M. Oyarzabal,Sociedad,6,22,0.27,15-16
Adrián,Eibar,5,32,0.16,15-16
C. Vela,Sociedad,5,35,0.14,15-16
Álvaro Vázquez,Getafe,5,34,0.15,15-16
Sergio Araujo,Las Palmas,5,30,0.17,15-16
Koke,Ath Madrid,5,35,0.14,15-16
Jony,Sp Gijon,5,36,0.14,15-16
F. Fajr,La Coruna,5,38,0.13,15-16
Bruno,Villarreal,5,31,0.16,15-16
A. Peñaranda,Granada,5,23,0.22,15-16
R. Soldado,Villarreal,5,28,0.18,15-16
Tana,Las Palmas,5,27,0.19,15-16
Ángel Correa,Ath Madrid,5,26,0.19,15-16
É. Banega,Sevilla,5,25,0.2,15-16
Á. Negredo,Valencia,5,25,0.2,15-16
Sabin Merino,Ath Bilbao,5,22,0.23,15-16
Jesé Rodríguez,Real Madrid,5,28,0.18,15-16
Saúl Berjón,Eibar,4,29,0.14,15-16
M. Asensio,Espanol,4,34,0.12,15-16
Denis Suárez,Villarreal,4,33,0.12,15-16
Y. Konoplyanka,Sevilla,4,32,0.13,15-16
Saúl,Ath Madrid,4,31,0.13,15-16
Y. Carrasco,Ath Madrid,4,29,0.14,15-16
Juanpi,Malaga,4,29,0.14,15-16
Manucho,Vallecano,4,28,0.14,15-16
Santi Mina,Valencia,4,26,0.15,15-16
Lucas Vázquez,Real Madrid,4,25,0.16,15-16
F. Llorente,Sevilla,4,23,0.17,15-16
Adrián,Villarreal,4,16,0.25,15-16
T. Inui,Eibar,3,27,0.11,15-16
G. Escalante,Eibar,3,34,0.09,15-16
Isco,Real Madrid,3,31,0.1,15-16
Pape Diop,Espanol,3,30,0.1,15-16
André Gomes,Valencia,3,30,0.1,15-16
Keko Gontán,Eibar,3,29,0.1,15-16
M. Susaeta,Ath Bilbao,3,28,0.11,15-16
S. N'zonzi,Sevilla,3,28,0.11,15-16
P. Bigas,Las Palmas,3,27,0.11,15-16
P. Hernández,Vallecano,3,27,0.11,15-16
E. Velázquez,Getafe,3,11,0.27,15-16
A. Laporte,Ath Bilbao,3,26,0.12,15-16
Léo Baptistão,Villarreal,3,26,0.12,15-16
F. Cartabia,La Coruna,3,26,0.12,15-16
Germán Pezzella,Betis,3,25,0.12,15-16
J. Babin,Granada,3,25,0.12,15-16
C. Borges,La Coruna,3,24,0.13,15-16
V. Casadesús,Levante,3,23,0.13,15-16
Munir,Barcelona,3,15,0.2,15-16
A. Lafita,Getafe,3,14,0.21,15-16
D. Cheryshev,Valencia,3,9,0.33,15-16
Bebé,Vallecano,3,34,0.09,15-16
