Player,Team,Assists,Matches Played,Coefficient,xA,Season
Luis Suárez,Barcelona,18,35,0.51,,15-16
Lionel Messi,Barcelona,16,33,0.48,,15-16
Neymar,Barcelona,16,34,0.47,,15-16
Koke,Ath Madrid,15,35,0.43,,15-16
Marco Asensio,Espanol,13,34,0.38,,15-16
Roberto Soldado,Villarreal,12,28,0.43,,15-16
Toni Kroos,Real Madrid,11,32,0.34,,15-16
Gareth Bale,Real Madrid,11,23,0.48,,15-16
Cristiano Ronaldo,Real Madrid,11,36,0.31,,15-16
Lucas Pérez,La Coruna,10,36,0.28,,15-16
Jony,Sp Gijon,9,36,0.25,,15-16
James Rodríguez,Real Madrid,8,26,0.31,,15-16
Lucas Vázquez,Real Madrid,8,25,0.32,,15-16
Karim Benzema,Real Madrid,8,27,0.3,,15-16
Markel Susaeta,Ath Bilbao,8,28,0.29,,15-16
Jordi Alba,Barcelona,8,31,0.26,,15-16
Roberto Trashorras,Vallecano,8,36,0.22,,15-16
Jonathan Viera,Las Palmas,8,36,0.22,,15-16
Sergi Enrich,Eibar,8,38,0.21,,15-16
Bebé,Vallecano,8,34,0.24,,15-16
A. Aduriz,Ath Bilbao,6,34,0.18,,15-16
P. Alcácer,Valencia,6,34,0.18,,15-16
Pablo Sarabia,Getafe,6,31,0.19,,15-16
Rubén Rochina,Granada,6,35,0.17,,15-16
Raúl García,Ath Bilbao,6,31,0.19,,15-16
Víctor Sánchez,Espanol,6,29,0.21,,15-16
Jesé Rodríguez,Real Madrid,6,28,0.21,,15-16
A. Halilović,Sp Gijon,5,36,0.14,,15-16
Joaquín,Betis,5,30,0.17,,15-16
Sergi Roberto,Barcelona,5,31,0.16,,15-16
Dani Parejo,Valencia,5,33,0.15,,15-16
Morales,Levante,5,35,0.14,,15-16
D. Wass,Celta,5,36,0.14,,15-16
Ander Capa,Eibar,5,36,0.14,,15-16
A. Griezmann,Ath Madrid,5,38,0.13,,15-16
Rosales,Malaga,5,35,0.14,,15-16
Danilo,Real Madrid,5,24,0.21,,15-16
Ángel Correa,Ath Madrid,4,26,0.15,,15-16
Tana,Las Palmas,4,27,0.15,,15-16
Fernando Torres,Ath Madrid,4,30,0.13,,15-16
Adrián,Villarreal,4,16,0.25,,15-16
Yuri,Sociedad,4,21,0.19,,15-16
Miku,Vallecano,4,22,0.18,,15-16
João Cancelo,Valencia,4,28,0.14,,15-16
Chory Castro,Malaga,4,24,0.17,,15-16
P. Hernández,Vallecano,4,27,0.15,,15-16
Dani Carvajal,Real Madrid,4,22,0.18,,15-16
Vitolo,Sevilla,4,28,0.14,,15-16
Saúl Berjón,Eibar,4,29,0.14,,15-16
D. Alves,Barcelona,4,29,0.14,,15-16
Tito,Vallecano,4,29,0.14,,15-16
Adrián Embarba,Vallecano,4,28,0.14,,15-16
N. El Zhar,Las Palmas,4,30,0.13,,15-16
Pedro León,Getafe,4,31,0.13,,15-16
Sergio Busquets,Barcelona,4,35,0.11,,15-16
Kévin Gameiro,Sevilla,4,31,0.13,,15-16
D. Juncà,Eibar,4,31,0.13,,15-16
Lora,Sp Gijon,4,31,0.13,,15-16
Denis Suárez,Villarreal,4,33,0.12,,15-16
Y. Konoplyanka,Sevilla,4,32,0.13,,15-16
Luka Modrić,Real Madrid,4,32,0.13,,15-16
Recio,Malaga,4,33,0.12,,15-16
P. Hernández,Celta,4,33,0.12,,15-16
Filipe Luís,Ath Madrid,4,32,0.13,,15-16
F. Fajr,La Coruna,4,38,0.11,,15-16
Álvaro Vázquez,Getafe,4,34,0.12,,15-16
C. Vela,Sociedad,4,35,0.11,,15-16
Iago Aspas,Celta,4,35,0.11,,15-16
Jonny,Celta,4,36,0.11,,15-16
Hugo Mallo,Celta,4,34,0.12,,15-16
Rubén Castro,Betis,4,38,0.11,,15-16
Moi Gómez,Getafe,3,22,0.14,,15-16
Casemiro,Real Madrid,3,23,0.13,,15-16
A. Peñaranda,Granada,3,23,0.13,,15-16
Momo,Las Palmas,3,23,0.13,,15-16
F. Llorente,Sevilla,3,23,0.13,,15-16
A. Turan,Barcelona,3,18,0.17,,15-16
C. Carmona,Sp Gijon,3,20,0.15,,15-16
D. Zurutuza,Sociedad,3,16,0.19,,15-16
Z. Bakkali,Valencia,3,16,0.19,,15-16
L. Vietto,Ath Madrid,3,19,0.16,,15-16
Mariano,Sevilla,3,23,0.13,,15-16
Burgui,Espanol,3,26,0.12,,15-16
B. Trémoulinas,Sevilla,3,24,0.13,,15-16
C. Borges,La Coruna,3,24,0.13,,15-16
Verza,Levante,3,29,0.1,,15-16
Keko Gontán,Eibar,3,29,0.1,,15-16
T. Inui,Eibar,3,27,0.11,,15-16
M. Krohn-Dehli,Sevilla,3,27,0.11,,15-16
F. Cartabia,La Coruna,3,26,0.12,,15-16
Rodrigo Moreno,Valencia,3,25,0.12,,15-16
I. Williams,Ath Bilbao,3,25,0.12,,15-16
Carles Planas,Celta,3,26,0.12,,15-16
Marcelo,Real Madrid,3,30,0.1,,15-16
Toni Kroos,Real Madrid,12,29,0.41,,16-17
Luis Suárez,Barcelona,12,35,0.34,,16-17
Neymar,Barcelona,10,30,0.33,,16-17
Pablo Piatti,Espanol,10,30,0.33,,16-17
Marcelo,Real Madrid,10,30,0.33,,16-17
Isco,Real Madrid,9,30,0.3,,16-17
Lionel Messi,Barcelona,9,34,0.26,,16-17
Koke,Ath Madrid,8,36,0.22,,16-17
Dani Parejo,Valencia,8,36,0.22,,16-17
Ángel Correa,Ath Madrid,8,31,0.26,,16-17
Pablo Sarabia,Sevilla,8,34,0.24,,16-17
Nani,Valencia,8,25,0.32,,16-17
Antoine Griezmann,Ath Madrid,7,36,0.19,,16-17
Lucas Vázquez,Real Madrid,7,33,0.21,,16-17
Mikel Oyarzabal,Sociedad,7,38,0.18,,16-17
Sergi Enrich,Eibar,7,38,0.18,,16-17
Álex Berenguer,Osasuna,6,29,0.21,,16-17
I. Williams,Ath Bilbao,6,38,0.16,,16-17
Sergi Roberto,Barcelona,6,32,0.19,,16-17
C. Ronaldo,Real Madrid,6,29,0.21,,16-17
Jordi Alba,Barcelona,6,26,0.23,,16-17
Xabi Prieto,Sociedad,6,38,0.16,,16-17
Jonathan Viera,Las Palmas,6,31,0.19,,16-17
Juanfran,La Coruna,6,34,0.18,,16-17
James Rodríguez,Real Madrid,6,22,0.27,,16-17
Filipe Luís,Ath Madrid,6,34,0.18,,16-17
Cristiano Ronaldo,Real Madrid,6,29,0.21,,16-17
Iñaki Williams,Ath Bilbao,6,38,0.16,,16-17
Beñat,Ath Bilbao,5,32,0.16,,16-17
Pedro León,Eibar,5,37,0.14,,16-17
Juanfran,La Coruna,5,34,0.15,,16-17
Emre Colak,La Coruna,5,33,0.15,,16-17
Burgui,Sp Gijon,5,32,0.16,,16-17
Ivan Rakitić,Barcelona,5,32,0.16,,16-17
R. Soriano,Villarreal,5,33,0.15,,16-17
Kévin Gameiro,Ath Madrid,5,31,0.16,,16-17
Moi Gómez,Sp Gijon,5,26,0.19,,16-17
Antonio Luna,Eibar,5,26,0.19,,16-17
James,Real Madrid,5,22,0.23,,16-17
Léo Baptistão,Espanol,5,21,0.24,,16-17
K. Benzema,Real Madrid,5,29,0.17,,16-17
Roberto Torres,Osasuna,4,32,0.13,,16-17
Sergio Canales,Sociedad,4,31,0.13,,16-17
Willian José,Sociedad,4,28,0.14,,16-17
Fernando Torres,Ath Madrid,4,31,0.13,,16-17
José Manuel Jurado,Espanol,4,31,0.13,,16-17
Tana,Las Palmas,4,32,0.13,,16-17
João Cancelo,Valencia,4,35,0.11,,16-17
Iago Aspas,Celta,4,32,0.13,,16-17
Samu Castillejo,Villarreal,4,33,0.12,,16-17
Y. Carrasco,Ath Madrid,4,35,0.11,,16-17
Raúl García,Ath Bilbao,4,36,0.11,,16-17
Gerard Moreno,Espanol,4,37,0.11,,16-17
Vitolo,Sevilla,4,30,0.13,,16-17
Juankar,Malaga,4,28,0.14,,16-17
K-P. Boateng,Las Palmas,4,28,0.14,,16-17
Dani Carvajal,Real Madrid,4,23,0.17,,16-17
Joaquín,Betis,4,28,0.14,,16-17
Á. Odriozola,Sociedad,4,15,0.27,,16-17
Jaime Romero,Osasuna,4,19,0.21,,16-17
Carles Gil,La Coruna,4,23,0.17,,16-17
Stevan Jovetić,Sevilla,4,21,0.19,,16-17
Michel Macedo,Las Palmas,4,25,0.16,,16-17
N. El Zhar,Leganes,4,26,0.15,,16-17
Á. Morata,Real Madrid,4,26,0.15,,16-17
Riza Durmisi,Betis,4,27,0.15,,16-17
O. De Marcos,Ath Bilbao,4,27,0.15,,16-17
F. Vázquez,Sevilla,3,30,0.1,,16-17
Isma López,Sp Gijon,3,27,0.11,,16-17
D. Machís,Leganes,3,27,0.11,,16-17
Nacho,Real Madrid,3,28,0.11,,16-17
T. Inui,Eibar,3,28,0.11,,16-17
P. Sisto,Celta,3,30,0.1,,16-17
T. Bongonda,Celta,3,30,0.1,,16-17
Theo Hernández,Alaves,3,32,0.09,,16-17
W. Ben Yedder,Sevilla,3,31,0.1,,16-17
Ander Capa,Eibar,3,31,0.1,,16-17
Duje Čop,Sp Gijon,3,31,0.1,,16-17
D. Wass,Celta,3,32,0.09,,16-17
N. Sansone,Villarreal,3,32,0.09,,16-17
S. Escudero,Sevilla,3,26,0.12,,16-17
Sergio Busquets,Barcelona,3,33,0.09,,16-17
Saúl,Ath Madrid,3,33,0.09,,16-17
Mateo Kovačić,Real Madrid,3,27,0.11,,16-17
Tito,Leganes,3,23,0.13,,16-17
Denis Suárez,Barcelona,3,26,0.12,,16-17
P. Alcácer,Barcelona,3,21,0.14,,16-17
R. Soldado,Villarreal,3,10,0.3,,16-17
Javi Ontiveros,Malaga,3,18,0.17,,16-17
A. Turan,Barcelona,3,18,0.17,,16-17
Carlos Vigaray,Alaves,3,19,0.16,,16-17
Rodrigo Moreno,Valencia,3,19,0.16,,16-17
A. Katai,Alaves,3,20,0.15,,16-17
L. Vietto,Sevilla,3,21,0.14,,16-17
Marko Livaja,Las Palmas,3,25,0.12,,16-17
Keko Gontán,Malaga,3,22,0.14,,16-17
F. Orellana,Valencia,3,23,0.13,,16-17
C. Piccini,Betis,3,23,0.13,,16-17
S. Nasri,Sevilla,3,23,0.13,,16-17
Andrés Iniesta,Barcelona,3,23,0.13,,16-17
Bueno,Leganes,3,24,0.13,,16-17
J. Dos Santos,Villarreal,3,33,0.09,,16-17
L. Suárez,Barcelona,12,33,0.36,,17-18
L. Messi,Barcelona,12,36,0.33,,17-18
P. Fornals,Villarreal,12,35,0.34,,17-18
K. Benzema,Real Madrid,10,32,0.31,,17-18
P. Sisto,Celta,10,34,0.29,,17-18
G. Guedes,Valencia,9,33,0.27,,17-18
A. Griezmann,Ath Madrid,9,32,0.28,,17-18
A. Guardado,Betis,8,29,0.28,,17-18
J. Luis Morales,Levante,8,35,0.23,,17-18
J. Alba,Barcelona,8,33,0.24,,17-18
D. Wass,Celta,8,35,0.23,,17-18
Cote,Eibar,8,30,0.27,,17-18
Joaquín,Betis,7,35,0.2,,17-18
D. Parejo,Valencia,7,34,0.21,,17-18
Á. Granell,Girona,7,34,0.21,,17-18
L. Vázquez,Real Madrid,7,33,0.21,,17-18
S. Roberto,Barcelona,7,30,0.23,,17-18
Isco,Real Madrid,7,30,0.23,,17-18
T. Kroos,Real Madrid,7,27,0.26,,17-18
A. Barragán,Betis,6,29,0.21,,17-18
L. Pérez,La Coruna,6,35,0.17,,17-18
L. Modrić,Real Madrid,6,26,0.23,,17-18
I. Williams,Ath Bilbao,6,38,0.16,,17-18
Munir El Haddadi,Alaves,6,33,0.18,,17-18
Carlos Soler,Valencia,5,33,0.15,,17-18
Sergio Canales,Sociedad,5,36,0.14,,17-18
D. Suárez,Getafe,4,33,0.12,,17-18
Willian José,Sociedad,4,34,0.12,,17-18
Koke,Ath Madrid,4,35,0.11,,17-18
J. Campaña,Levante,4,35,0.11,,17-18
Á. Odriozola,Sociedad,4,35,0.11,,17-18
Ángel Correa,Ath Madrid,4,37,0.11,,17-18
Pablo Sarabia,Sevilla,4,34,0.12,,17-18
Bernardo,Girona,3,34,0.09,,17-18
É. Banega,Sevilla,3,31,0.1,,17-18
Mario Gaspar,Villarreal,3,32,0.09,,17-18
C. Borges,La Coruna,3,32,0.09,,17-18
F. Portillo,Getafe,3,33,0.09,,17-18
V. Antunes,Getafe,3,34,0.09,,17-18
José Gayà,Valencia,3,34,0.09,,17-18
Saúl,Ath Madrid,3,36,0.08,,17-18
Paulinho,Barcelona,3,34,0.09,,17-18
Joan Jordán,Eibar,3,35,0.09,,17-18
Jorge Molina,Getafe,3,36,0.08,,17-18
Maxi Gómez,Celta,3,36,0.08,,17-18
Léo Baptistão,Espanol,3,36,0.08,,17-18
J. Calleri,Las Palmas,3,37,0.08,,17-18
F. Fajr,Getafe,3,31,0.1,,17-18
D. Zurutuza,Sociedad,3,31,0.1,,17-18
Pedro León,Eibar,3,12,0.25,,17-18
Sergio Busquets,Barcelona,3,31,0.1,,17-18
Juanmi,Sociedad,3,30,0.1,,17-18
Casemiro,Real Madrid,3,30,0.1,,17-18
Florin Andone,La Coruna,3,29,0.1,,17-18
Ivi López,Levante,3,29,0.1,,17-18
José Manuel Jurado,Espanol,3,29,0.1,,17-18
R. Boudebouz,Betis,3,27,0.11,,17-18
J. Guidetti,Alaves,3,25,0.12,,17-18
W. Ben Yedder,Sevilla,3,25,0.12,,17-18
Jonathan Viera,Las Palmas,3,23,0.13,,17-18
Iván Alejo,Eibar,3,22,0.14,,17-18
M. Guerrero,Leganes,3,22,0.14,,17-18
Y. Carrasco,Ath Madrid,3,17,0.18,,17-18
P. Alcácer,Barcelona,3,17,0.18,,17-18
Diego Costa,Ath Madrid,3,15,0.2,,17-18
Rodri,Villarreal,3,37,0.08,,17-18
Pablo Sarabia,Sevilla,13,33,0.39,,18-19
L. Messi,Barcelona,13,34,0.38,,18-19
Jony,Alaves,11,36,0.31,,18-19
Santi Cazorla,Villarreal,10,35,0.29,,18-19
W. Ben Yedder,Sevilla,9,35,0.26,,18-19
J. Campaña,Levante,9,36,0.25,,18-19
Jordi Alba,Barcelona,8,36,0.22,,18-19
Moi Gómez,Huesca,8,36,0.22,,18-19
A. Griezmann,Ath Madrid,8,37,0.22,,18-19
Sergi Roberto,Barcelona,7,29,0.24,,18-19
Brais Méndez,Celta,7,31,0.23,,18-19
A. Vidal,Barcelona,7,33,0.21,,18-19
Dani Parejo,Valencia,7,36,0.19,,18-19
L. Suárez,Barcelona,6,33,0.18,,18-19
Adrián Embarba,Vallecano,6,36,0.17,,18-19
K. Benzema,Real Madrid,6,36,0.17,,18-19
Luka Modrić,Real Madrid,6,34,0.18,,18-19
J. Mata,Getafe,6,34,0.18,,18-19
Óscar Melendo,Espanol,6,32,0.19,,18-19
Rodrigo Moreno,Valencia,6,33,0.18,,18-19
Carlos Soler,Valencia,6,31,0.19,,18-19
Koke,Ath Madrid,6,30,0.2,,18-19
Cristian Tello,Betis,6,29,0.21,,18-19
Iago Aspas,Celta,6,27,0.22,,18-19
Willian José,Sociedad,5,31,0.16,,18-19
Jorge Molina,Getafe,5,38,0.13,,18-19
Morales,Levante,5,37,0.14,,18-19
Maxi Gómez,Celta,5,35,0.14,,18-19
Sergi Enrich,Eibar,5,35,0.14,,18-19
Ivan Rakitić,Barcelona,5,34,0.15,,18-19
Thomas,Ath Madrid,5,32,0.16,,18-19
Jesús Navas,Sevilla,5,32,0.16,,18-19
Rubén Rochina,Levante,5,27,0.19,,18-19
W. Carvalho,Betis,5,30,0.17,,18-19
Jonathan Silva,Leganes,5,30,0.17,,18-19
M. Asensio,Real Madrid,5,30,0.17,,18-19
Jason,Levante,5,30,0.17,,18-19
Santi Mina,Valencia,5,30,0.17,,18-19
O. Dembélé,Barcelona,5,29,0.17,,18-19
M. Braithwaite,Leganes,5,19,0.26,,18-19
Á. Granell,Girona,4,32,0.13,,18-19
I. Williams,Ath Bilbao,4,38,0.11,,18-19
Joan Jordán,Eibar,4,36,0.11,,18-19
E. Bardhi,Levante,4,36,0.11,,18-19
David Ferreiro,Huesca,4,35,0.11,,18-19
Pablo Fornals,Villarreal,4,35,0.11,,18-19
F. Vázquez,Sevilla,4,34,0.12,,18-19
F. Orellana,Eibar,4,33,0.12,,18-19
Óscar Plano,Valladolid,4,33,0.12,,18-19
G. Lo Celso,Betis,4,32,0.13,,18-19
F. Portillo,Getafe,4,32,0.13,,18-19
É. Banega,Sevilla,4,32,0.13,,18-19
Ibai Gómez,Ath Bilbao,4,32,0.13,,18-19
A. Guardado,Betis,4,31,0.13,,18-19
Toni Kroos,Real Madrid,4,28,0.14,,18-19
Óscar Trejo,Vallecano,4,26,0.15,,18-19
Junior Firpo,Betis,4,24,0.17,,18-19
Pedro Porro,Girona,4,32,0.13,,18-19
Iker Muniain,Ath Bilbao,3,34,0.09,,18-19
Borja García,Girona,3,33,0.09,,18-19
Enes Ünal,Valladolid,3,33,0.09,,18-19
A. Pedraza,Villarreal,3,34,0.09,,18-19
Cucho,Huesca,3,34,0.09,,18-19
Sergi Darder,Espanol,3,34,0.09,,18-19
D. Suárez,Getafe,3,36,0.08,,18-19
Sofiane Boufal,Celta,3,35,0.09,,18-19
Nacho Martínez,Valladolid,3,35,0.09,,18-19
Hugo Mallo,Celta,3,35,0.09,,18-19
Jorge Pulido,Huesca,3,32,0.09,,18-19
Ángel,Getafe,3,37,0.08,,18-19
Borja Iglesias,Espanol,3,37,0.08,,18-19
Raúl García,Ath Bilbao,3,33,0.09,,18-19
Q. Promes,Sevilla,3,33,0.09,,18-19
D. Wass,Valencia,3,32,0.09,,18-19
D. Juncà,Celta,3,21,0.14,,18-19
Óscar Rodríguez,Leganes,3,31,0.1,,18-19
A. Hjulsager,Celta,3,15,0.2,,18-19
M. Santos,Leganes,3,16,0.19,,18-19
Luca Sangalli,Sociedad,3,18,0.17,,18-19
Adnan Januzaj,Sociedad,3,20,0.15,,18-19
Manu Morlanes,Villarreal,3,10,0.3,,18-19
Iñigo Córdoba,Ath Bilbao,3,23,0.13,,18-19
V. Antunes,Getafe,3,28,0.11,,18-19
Mikel Merino,Sociedad,3,29,0.1,,18-19
G. Bale,Real Madrid,3,29,0.1,,18-19
Lucas Vázquez,Real Madrid,3,31,0.1,,18-19
G. Guedes,Valencia,3,25,0.12,,18-19
S. Longo,Huesca,2,15,0.13,,18-19
Diego Costa,Ath Madrid,2,16,0.13,,18-19
Antonio Luna,Levante,2,16,0.13,,18-19
Amath Ndiaye,Getafe,2,15,0.13,,18-19
Malcom,Barcelona,2,15,0.13,,18-19
S. Cristóforo,Getafe,2,15,0.13,,18-19
Juanpi,Huesca,2,14,0.14,,18-19
Sergio Reguilón,Real Madrid,2,14,0.14,,18-19
Á. Odriozola,Real Madrid,2,14,0.14,,18-19
Aday Benítez,Girona,2,10,0.2,,18-19
L. Olaza,Celta,2,10,0.2,,18-19
Brahim Díaz,Real Madrid,2,9,0.22,,18-19
Javi Galán,Huesca,2,16,0.13,,18-19
L. Messi,Barcelona,21,33,0.64,,19-20
Mikel Oyarzabal,Sociedad,11,37,0.3,,19-20
Santi Cazorla,Villarreal,9,35,0.26,,19-20
Rodrigo Moreno,Valencia,9,27,0.33,,19-20
L. Suárez,Barcelona,8,28,0.29,,19-20
Roberto Torres,Osasuna,8,36,0.22,,19-20
K. Benzema,Real Madrid,8,37,0.22,,19-20
Luka Modrić,Real Madrid,8,31,0.26,,19-20
Ángel Correa,Ath Madrid,7,33,0.21,,19-20
Jesús Navas,Sevilla,7,38,0.18,,19-20
Moi Gómez,Villarreal,7,37,0.19,,19-20
José Campaña,Levante,7,37,0.19,,19-20
Éver Banega,Sevilla,7,33,0.21,,19-20
Portu,Sociedad,7,35,0.2,,19-20
Nabil Fekir,Betis,7,32,0.22,,19-20
Fabián Orellana,Eibar,7,29,0.24,,19-20
Gerard Moreno,Villarreal,6,35,0.17,,19-20
Jordi Alba,Barcelona,6,27,0.22,,19-20
Eden Hazard,Real Madrid,6,16,0.38,,19-20
Sergio Canales,Betis,6,36,0.17,,19-20
Víctor Díaz,Granada,6,36,0.17,,19-20
Emerson Royal,Betis,6,33,0.18,,19-20
Martin Ødegaard,Sociedad,6,31,0.19,,19-20
Daniel Wass,Valencia,6,35,0.17,,19-20
Dani Carvajal,Real Madrid,6,31,0.19,,19-20
D. Machís,Granada,5,36,0.14,,19-20
Koke,Ath Madrid,5,32,0.16,,19-20
F. Valverde,Real Madrid,5,33,0.15,,19-20
Ferran Torres,Valencia,5,34,0.15,,19-20
Lucas Pérez,Alaves,5,34,0.15,,19-20
Toni Kroos,Real Madrid,5,35,0.14,,19-20
D. Wass,Valencia,5,35,0.14,,19-20
P. Estupiñán,Osasuna,5,36,0.14,,19-20
M. Cucurella,Getafe,5,37,0.14,,19-20
A. Griezmann,Barcelona,4,35,0.11,,19-20
Álex Moreno,Betis,4,31,0.13,,19-20
R. Soldado,Granada,4,33,0.12,,19-20
D. Suárez,Getafe,4,30,0.13,,19-20
Take Kubo,Mallorca,4,35,0.11,,19-20
Ander Capa,Ath Bilbao,4,35,0.11,,19-20
L. Olaza,Celta,4,35,0.11,,19-20
Sergi Enrich,Eibar,4,30,0.13,,19-20
Salva Sevilla,Mallorca,4,35,0.11,,19-20
Aleix Vidal,Alaves,4,29,0.14,,19-20
Rubén Rochina,Levante,4,28,0.14,,19-20
Unai López,Ath Bilbao,4,26,0.15,,19-20
K. Trippier,Ath Madrid,4,25,0.16,,19-20
Iñigo Córdoba,Ath Bilbao,4,24,0.17,,19-20
Diego Costa,Ath Madrid,4,23,0.17,,19-20
Adrián Embarba,Espanol,4,18,0.22,,19-20
Manu Trigueros,Villarreal,4,29,0.14,,19-20
J. Mata,Getafe,3,34,0.09,,19-20
Ángel,Getafe,3,32,0.09,,19-20
Lucas Ocampos,Sevilla,3,33,0.09,,19-20
Jorge Molina,Getafe,3,34,0.09,,19-20
Joaquín,Betis,3,34,0.09,,19-20
Fernando,Sevilla,3,34,0.09,,19-20
Santi Mina,Celta,3,34,0.09,,19-20
Antonio Puertas,Granada,3,36,0.08,,19-20
C. Fernández,Granada,3,34,0.09,,19-20
Casemiro,Real Madrid,3,35,0.09,,19-20
Dani Parejo,Valencia,3,35,0.09,,19-20
Ivan Rakitić,Barcelona,3,31,0.1,,19-20
Loren Morón,Betis,3,36,0.08,,19-20
Joselu,Alaves,3,36,0.08,,19-20
Iago Aspas,Celta,3,37,0.08,,19-20
S. Chukwueze,Villarreal,3,37,0.08,,19-20
Sergio Reguilón,Sevilla,3,31,0.1,,19-20
Jorge Miramón,Levante,3,32,0.09,,19-20
Y. Herrera,Granada,3,30,0.1,,19-20
Mario Gaspar,Villarreal,3,25,0.12,,19-20
G. Bale,Real Madrid,3,16,0.19,,19-20
P. De Blasis,Eibar,3,30,0.1,,19-20
Kenedy,Getafe,3,19,0.16,,19-20
Jason,Getafe,3,20,0.15,,19-20
Matías Vargas,Espanol,3,21,0.14,,19-20
Arthur,Barcelona,3,21,0.14,,19-20
Adnan Januzaj,Sociedad,3,24,0.13,,19-20
E. Hazard,Real Madrid,3,16,0.19,,19-20
J. Calleri,Espanol,3,27,0.11,,19-20
A. Guardado,Betis,3,28,0.11,,19-20
Aleix Febas,Mallorca,3,29,0.1,,19-20
Roque Mesa,Leganes,3,29,0.1,,19-20
M. Llorente,Ath Madrid,3,29,0.1,,19-20
T. Inui,Eibar,3,29,0.1,,19-20
Óliver Torres,Sevilla,3,28,0.11,,19-20
Toko Ekambi,Villarreal,2,18,0.11,,19-20
Chimy Ávila,Osasuna,2,20,0.1,,19-20
Toño García,Levante,2,20,0.1,,19-20
Xavi Quintillà,Villarreal,2,19,0.11,,19-20
Joan Sastre,Mallorca,2,19,0.11,,19-20
Marc Cardona,Osasuna,2,19,0.11,,19-20
Marcelo,Real Madrid,2,15,0.13,,19-20
Junior Firpo,Barcelona,2,17,0.12,,19-20
Z. Feddal,Betis,2,17,0.12,,19-20
F. Portillo,Getafe,2,16,0.13,,19-20
Y. Carrasco,Ath Madrid,2,15,0.13,,19-20
Riqui Puig,Barcelona,2,11,0.18,,19-20
Carles Pérez,Barcelona,2,10,0.2,,19-20
G. Guedes,Valencia,2,21,0.1,,19-20
Iago Aspas,Celta,13,33,0.39,,20-21
M. Llorente,Ath Madrid,11,37,0.3,,20-21
Toni Kroos,Real Madrid,10,28,0.36,,20-21
Y. Carrasco,Ath Madrid,10,30,0.33,,20-21
K. Benzema,Real Madrid,9,34,0.26,,20-21
Denis Suárez,Celta,9,35,0.26,,20-21
L. Messi,Barcelona,9,35,0.26,,20-21
Jorge De Frutos,Levante,9,37,0.24,,20-21
Ángel Correa,Ath Madrid,8,38,0.21,,20-21
Carlos Soler,Valencia,8,32,0.25,,20-21
M. Oyarzabal,Sociedad,8,33,0.24,,20-21
Gerard Moreno,Villarreal,7,33,0.21,,20-21
José Gayà,Valencia,7,33,0.21,,20-21
A. Griezmann,Barcelona,7,36,0.19,,20-21
Jesús Navas,Sevilla,6,34,0.18,,20-21
I. Williams,Ath Bilbao,6,38,0.16,,20-21
Joan Jordán,Sevilla,6,35,0.17,,20-21
Rodrygo,Real Madrid,6,22,0.27,,20-21
Sergio Canales,Betis,6,31,0.19,,20-21
G. Guedes,Valencia,6,31,0.19,,20-21
K. Trippier,Ath Madrid,6,28,0.21,,20-21
Nabil Fekir,Betis,5,33,0.15,,20-21
Rubén García,Osasuna,5,37,0.14,,20-21
Dani Parejo,Villarreal,5,36,0.14,,20-21
Nolito,Celta,5,36,0.14,,20-21
Sergio Busquets,Barcelona,5,36,0.14,,20-21
Óscar Plano,Valladolid,5,36,0.14,,20-21
Jordi Alba,Barcelona,5,35,0.14,,20-21
Antonio Puertas,Granada,5,35,0.14,,20-21
David Silva,Sociedad,5,21,0.24,,20-21
D. Machís,Granada,5,32,0.16,,20-21
João Félix,Ath Madrid,5,31,0.16,,20-21
Tete Morente,Elche,5,30,0.17,,20-21
Pablo Hervías,Valladolid,5,27,0.19,,20-21
Joaquín,Betis,5,27,0.19,,20-21
Lucas Vázquez,Real Madrid,5,24,0.21,,20-21
Manu Sánchez,Osasuna,5,17,0.29,,20-21
D. Foulquier,Granada,4,32,0.13,,20-21
F. De Jong,Barcelona,4,37,0.11,,20-21
David Ferreiro,Huesca,4,37,0.11,,20-21
Á. Negredo,Cadiz,4,35,0.11,,20-21
Álex Berenguer,Ath Bilbao,4,35,0.11,,20-21
Lucas Ocampos,Sevilla,4,34,0.12,,20-21
Suso,Sevilla,4,34,0.12,,20-21
Roger Martí,Levante,4,33,0.12,,20-21
Casemiro,Real Madrid,4,34,0.12,,20-21
Mikel Rico,Huesca,4,32,0.13,,20-21
Lucas Pérez,Alaves,4,28,0.14,,20-21
Adnan Januzaj,Sociedad,4,27,0.15,,20-21
P. Alcácer,Villarreal,4,27,0.15,,20-21
Mikel Merino,Sociedad,4,26,0.15,,20-21
Pablo Maffeo,Huesca,4,25,0.16,,20-21
Kang-In Lee,Valencia,4,24,0.17,,20-21
Fernando,Sevilla,4,31,0.13,,20-21
Emerson Royal,Betis,3,34,0.09,,20-21
L. Suárez,Ath Madrid,3,32,0.09,,20-21
L. Olaza,Valladolid,3,32,0.09,,20-21
Óliver Torres,Sevilla,3,33,0.09,,20-21
Kike Barja,Osasuna,3,33,0.09,,20-21
Santi Mina,Celta,3,34,0.09,,20-21
Pedri,Barcelona,3,37,0.08,,20-21
C. Clerc,Levante,3,35,0.09,,20-21
Luka Modrić,Real Madrid,3,35,0.09,,20-21
Vinícius,Real Madrid,3,35,0.09,,20-21
Edu Expósito,Eibar,3,31,0.1,,20-21
Portu,Sociedad,3,37,0.08,,20-21
Joselu,Alaves,3,37,0.08,,20-21
Morales,Levante,3,38,0.08,,20-21
Pere Milla,Elche,3,32,0.09,,20-21
Pacha Espino,Cadiz,3,32,0.09,,20-21
O. Dembélé,Barcelona,3,30,0.1,,20-21
Deyverson,Alaves,3,27,0.11,,20-21
Aarón Martín,Celta,3,19,0.16,,20-21
Fidel,Elche,3,30,0.1,,20-21
Cucho,Getafe,3,23,0.13,,20-21
Yuri,Ath Bilbao,3,23,0.13,,20-21
J. Calleri,Osasuna,3,25,0.12,,20-21
Jorge Miramón,Levante,3,26,0.12,,20-21
D. Cheryshev,Valencia,3,21,0.14,,20-21
Thomas Lemar,Ath Madrid,3,27,0.11,,20-21
Alberto Perea,Cadiz,3,27,0.11,,20-21
Kenedy,Granada,3,28,0.11,,20-21
Iker Muniain,Ath Bilbao,3,28,0.11,,20-21
Cristian Tello,Betis,3,29,0.1,,20-21
Bryan Gil,Eibar,3,29,0.1,,20-21
A. Barragán,Elche,3,27,0.11,,20-21
Ilaix Moriba,Barcelona,2,14,0.14,,20-21
Marcelo,Real Madrid,2,16,0.13,,20-21
A. Solari,Celta,2,16,0.13,,20-21
Rober Correa,Eibar,2,15,0.13,,20-21
Sergi Roberto,Barcelona,2,15,0.13,,20-21
Alberto Soro,Granada,2,15,0.13,,20-21
Toño García,Levante,2,12,0.17,,20-21
E. Hazard,Real Madrid,2,14,0.14,,20-21
Dani Carvajal,Real Madrid,2,13,0.15,,20-21
P. Coutinho,Barcelona,2,12,0.17,,20-21
J. Campaña,Levante,2,9,0.22,,20-21
C. Oliva,Valencia,2,9,0.22,,20-21
C. Fernández,Sociedad,2,16,0.13,,20-21
O. Dembélé,Barcelona,13,21,0.62,9.2,21-22
K. Benzema,Real Madrid,13,32,0.41,7.4,21-22
Jordi Alba,Barcelona,10,30,0.33,5.8,21-22
Dani Parejo,Villarreal,10,33,0.3,7.6,21-22
Iker Muniain,Ath Bilbao,10,35,0.29,8.4,21-22
Vinícius,Real Madrid,10,35,0.29,7.7,21-22
Óscar Trejo,Vallecano,9,32,0.28,4.5,21-22
Sergi Darder,Espanol,9,36,0.25,3.3,21-22
Luka Modrić,Real Madrid,8,28,0.29,5.1,21-22
Sergio Canales,Betis,8,34,0.24,5.9,21-22
Nabil Fekir,Betis,8,34,0.24,6.9,21-22
Morales,Levante,7,35,0.2,3.8,21-22
Jorge De Frutos,Levante,7,25,0.28,3.2,21-22
Fidel,Elche,6,33,0.18,4.1,21-22
Álex Berenguer,Ath Bilbao,6,34,0.18,5.4,21-22
Y. Carrasco,Ath Madrid,6,34,0.18,6.9,21-22
Ivan Rakitić,Sevilla,6,35,0.17,3.3,21-22
G. Guedes,Valencia,6,36,0.17,4.8,21-22
Rubén García,Osasuna,6,37,0.16,4.2,21-22
Ángel Correa,Ath Madrid,5,36,0.14,3.7,21-22
Denis Suárez,Celta,5,38,0.13,4.6,21-22
I. Williams,Ath Bilbao,5,38,0.13,4.6,21-22
Iago Aspas,Celta,5,37,0.14,5.8,21-22
Brais Méndez,Celta,5,37,0.14,3.9,21-22
Álvaro García,Vallecano,5,36,0.14,6.8,21-22
Carlos Soler,Valencia,5,32,0.16,4.4,21-22
Jorge Molina,Granada,5,35,0.14,3.1,21-22
Johan Mojica,Elche,5,33,0.15,4.6,21-22
M. Arambarri,Getafe,5,31,0.16,2.7,21-22
Boulaye Dia,Villarreal,5,25,0.2,1.5,21-22
Thomas Lemar,Ath Madrid,5,24,0.21,3.7,21-22
Gavi,Barcelona,5,34,0.15,4.1,21-22
Pablo Maffeo,Mallorca,4,35,0.11,3.2,21-22
Juanmi,Betis,4,33,0.12,1.3,21-22
A. Gorosabel,Sociedad,4,32,0.13,3.3,21-22
Willian José,Betis,4,32,0.13,2.6,21-22
Matheus Cunha,Ath Madrid,4,29,0.14,1.7,21-22
Rubén Duarte,Alaves,4,34,0.12,2.6,21-22
A. Griezmann,Ath Madrid,4,29,0.14,3.1,21-22
Lucas Ocampos,Sevilla,4,30,0.13,2.5,21-22
Isi Palazón,Vallecano,4,34,0.12,2.9,21-22
Luis Suárez,Granada,4,37,0.11,1.2,21-22
Joselu,Alaves,4,37,0.11,3.6,21-22
Manu Trigueros,Villarreal,4,35,0.11,3.3,21-22
Ferran Torres,Barcelona,4,18,0.22,2.6,21-22
Rodrygo,Real Madrid,4,33,0.12,2.7,21-22
Jaume Costa,Mallorca,4,25,0.16,2.7,21-22
Tecatito,Sevilla,4,18,0.22,2.9,21-22
João Félix,Ath Madrid,4,24,0.17,2.6,21-22
David Silva,Sociedad,4,25,0.16,5.1,21-22
José Gayà,Valencia,4,24,0.17,2.5,21-22
Oihan Sancet,Ath Bilbao,4,27,0.15,2.3,21-22
A. Pedraza,Villarreal,4,28,0.14,4.4,21-22
G. Gumbau,Elche,4,31,0.13,2.0,21-22
Yéremy Pino,Villarreal,4,31,0.13,2.7,21-22
Manu Sánchez,Osasuna,3,33,0.09,3.0,21-22
Santi Mina,Celta,3,33,0.09,1.7,21-22
Luka Jović,Real Madrid,3,15,0.2,0.6,21-22
Luis Rioja,Alaves,3,37,0.08,4.2,21-22
J. Moncayola,Osasuna,3,36,0.08,2.6,21-22
Vedat Muriqi,Mallorca,3,16,0.19,1.0,21-22
Raúl De Tomás,Espanol,3,34,0.09,1.8,21-22
M. Olivera,Getafe,3,32,0.09,1.9,21-22
L. Suárez,Ath Madrid,3,35,0.09,1.2,21-22
Luis Milla,Granada,3,34,0.09,3.8,21-22
F. De Jong,Barcelona,3,32,0.09,4.1,21-22
D. Alves,Barcelona,3,14,0.21,3.1,21-22
Franco Cervi,Celta,3,33,0.09,1.4,21-22
D. Suárez,Getafe,3,35,0.09,4.6,21-22
Dani Rodríguez,Mallorca,3,36,0.08,2.9,21-22
Gerard Moreno,Villarreal,3,17,0.18,3.7,21-22
Casemiro,Real Madrid,3,32,0.09,2.9,21-22
Javi Galán,Celta,3,37,0.08,3.1,21-22
Tete Morente,Elche,3,32,0.09,2.5,21-22
W. Carvalho,Betis,3,33,0.09,1.4,21-22
Lucas Pérez,Cadiz,3,33,0.09,4.7,21-22
Rubén Rochina,Granada,3,15,0.2,1.0,21-22
C. Aleñá,Getafe,3,33,0.09,1.4,21-22
Adama Traoré,Barcelona,2,11,0.18,1.0,21-22
Marcelo,Real Madrid,2,12,0.17,0.8,21-22
A. Griezmann,Ath Madrid,16,38,0.42,9.8,22-23
Vinícius,Real Madrid,9,33,0.27,8.8,22-23
Mikel Merino,Sociedad,9,33,0.27,5.0,22-23
R. De Paul,Ath Madrid,8,30,0.27,3.8,22-23
Rodrygo,Real Madrid,8,34,0.24,6.2,22-23
L. Robertone,Almeria,8,37,0.22,4.5,22-23
Brian Oliván,Espanol,7,30,0.23,3.9,22-23
R. Lewandowski,Barcelona,7,34,0.21,5.3,22-23
Kang-In Lee,Mallorca,7,36,0.19,5.0,22-23
Raphinha,Barcelona,7,36,0.19,9.3,22-23
Kike Barja,Osasuna,6,27,0.22,0.0,22-23
V. Tsygankov,Girona,6,19,0.32,3.0,22-23
O. Dembélé,Barcelona,6,25,0.24,5.0,22-23
M. Asensio,Real Madrid,6,31,0.19,4.2,22-23
Aimar Oroz,Osasuna,6,31,0.19,2.3,22-23
Yéremy Pino,Villarreal,6,36,0.17,4.5,22-23
Dani Rodríguez,Mallorca,6,35,0.17,2.4,22-23
G. Gumbau,Elche,6,35,0.17,6.1,22-23
O. De Marcos,Ath Bilbao,6,37,0.16,4.5,22-23
Álex Balde,Barcelona,6,33,0.18,3.8,22-23
David Silva,Sociedad,5,28,0.18,3.0,22-23
Aleix García,Girona,5,30,0.17,6.0,22-23
G. Plata,Valladolid,5,34,0.15,2.6,22-23
Carles Pérez,Celta,5,35,0.14,1.7,22-23
Álvaro García,Vallecano,5,35,0.14,4.9,22-23
S. Chukwueze,Villarreal,5,37,0.14,4.4,22-23
Isi Palazón,Vallecano,5,37,0.14,5.9,22-23
Sergio Camello,Vallecano,5,38,0.13,1.7,22-23
F. De Jong,Barcelona,4,33,0.12,6.3,22-23
J. Larsen,Celta,4,32,0.13,1.1,22-23
Dani Ceballos,Real Madrid,4,30,0.13,2.0,22-23
Toni Kroos,Real Madrid,4,30,0.13,5.5,22-23
Franco Cervi,Celta,4,36,0.11,2.9,22-23
Adrián Embarba,Almeria,4,30,0.13,2.7,22-23
N. Jackson,Villarreal,4,26,0.15,2.0,22-23
Hugo Guillamón,Valencia,4,25,0.16,1.5,22-23
Luis Suárez,Almeria,4,21,0.19,1.5,22-23
Arnau Martínez,Girona,4,33,0.12,3.2,22-23
Sergio Busquets,Barcelona,4,30,0.13,3.7,22-23
A. Tchouaméni,Real Madrid,4,33,0.12,2.1,22-23
Suso,Sevilla,4,25,0.16,3.2,22-23
André Almeida,Valencia,4,34,0.12,4.0,22-23
Pacha Espino,Cadiz,4,36,0.11,3.7,22-23
F. Valverde,Real Madrid,4,34,0.12,5.1,22-23
Sergi Darder,Espanol,4,38,0.11,6.3,22-23
Nico Williams,Ath Bilbao,4,36,0.11,4.1,22-23
Gavi,Barcelona,4,36,0.11,3.8,22-23
Óscar Trejo,Vallecano,4,34,0.12,2.9,22-23
Dani Parejo,Villarreal,4,37,0.11,5.1,22-23
Gabri Veiga,Celta,4,36,0.11,2.9,22-23
Vedat Muriqi,Mallorca,4,35,0.11,1.7,22-23
Take Kubo,Sociedad,4,35,0.11,5.4,22-23
R. Riquelme,Girona,4,34,0.12,3.8,22-23
Brais Méndez,Sociedad,4,34,0.12,4.8,22-23
Jordi Alba,Barcelona,3,24,0.13,6.7,22-23
Álex Pozo,Almeria,3,30,0.1,1.4,22-23
João Félix,Ath Madrid,3,14,0.21,1.0,22-23
Álex Moreno,Betis,3,15,0.2,1.4,22-23
Pape Gueye,Sevilla,3,16,0.19,0.9,22-23
Cyle Larin,Valladolid,3,19,0.16,1.1,22-23
Gerard Moreno,Villarreal,3,21,0.14,1.4,22-23
G. Lo Celso,Villarreal,3,22,0.14,3.1,22-23
David Alaba,Real Madrid,3,23,0.13,1.3,22-23
Iván Martín,Girona,3,24,0.13,2.1,22-23
Thomas Lemar,Ath Madrid,3,27,0.11,1.6,22-23
K. Benzema,Real Madrid,3,24,0.13,5.5,22-23
Aleix Vidal,Espanol,3,25,0.12,1.3,22-23
Toni Villa,Girona,3,26,0.12,1.3,22-23
A. Pedraza,Villarreal,3,26,0.12,1.3,22-23
Josan,Elche,3,26,0.12,0.6,22-23
Luis Milla,Getafe,3,27,0.11,1.6,22-23
G. Melero,Almeria,3,27,0.11,1.3,22-23
Gonzalo Montiel,Sevilla,3,28,0.11,2.5,22-23
Jules Koundé,Barcelona,3,29,0.1,2.3,22-23
Iker Muniain,Ath Bilbao,3,30,0.1,3.9,22-23
Rodri,Betis,3,30,0.1,2.1,22-23
Ivan Rakitić,Sevilla,3,31,0.1,2.7,22-23
T. Bongonda,Cadiz,3,31,0.1,2.4,22-23
Javi Galán,Celta,3,37,0.08,4.2,22-23
Raúl García,Ath Bilbao,3,35,0.09,0.8,22-23
José Gayà,Valencia,3,31,0.1,5.6,22-23
Sergio Canales,Betis,3,31,0.1,5.1,22-23
A. Raíllo,Mallorca,3,31,0.1,0.6,22-23
Luka Modrić,Real Madrid,3,33,0.09,4.2,22-23
Koke,Ath Madrid,3,33,0.09,1.7,22-23
Luiz Henrique,Betis,3,33,0.09,2.1,22-23
Miguel Gutiérrez,Girona,3,34,0.09,3.1,22-23
Portu,Getafe,3,34,0.09,2.6,22-23
A. Sørloth,Sociedad,3,34,0.09,1.9,22-23
I. Williams,Ath Bilbao,3,36,0.08,4.1,22-23
Borja Iglesias,Betis,3,35,0.09,2.2,22-23
Enes Ünal,Getafe,3,35,0.09,1.9,22-23
Y. Carrasco,Ath Madrid,3,35,0.09,4.1,22-23
Pablo Maffeo,Mallorca,3,35,0.09,2.7,22-23
Ansu Fati,Barcelona,3,36,0.08,2.3,22-23
M. Zubimendi,Sociedad,3,36,0.08,2.2,22-23
Mikel Vesga,Ath Bilbao,3,36,0.08,1.8,22-23
J. Moncayola,Osasuna,3,37,0.08,2.2,22-23
Iago Aspas,Celta,3,37,0.08,5.4,22-23
Álex Baena,Villarreal,14,34,0.41,9.5,23-24
Nico Williams,Ath Bilbao,11,31,0.35,7.5,23-24
Iago Aspas,Celta,10,35,0.29,9.3,23-24
Savinho,Girona,10,37,0.27,9.9,23-24
Raphinha,Barcelona,9,28,0.32,5.0,23-24
İ. Gündoğan,Barcelona,9,36,0.25,9.8,23-24
Toni Kroos,Real Madrid,8,33,0.24,5.9,23-24
Yan Couto,Girona,8,34,0.24,4.3,23-24
R. Lewandowski,Barcelona,8,35,0.23,3.6,23-24
Artem Dovbyk,Girona,8,36,0.22,3.7,23-24
Diego Rico,Getafe,7,32,0.22,3.4,23-24
F. Valverde,Real Madrid,7,37,0.19,3.4,23-24
Miguel Gutiérrez,Girona,7,35,0.2,6.8,23-24
J. Bellingham,Real Madrid,7,28,0.25,4.3,23-24
Brahim Díaz,Real Madrid,7,31,0.23,4.7,23-24
Gerard Moreno,Villarreal,7,30,0.23,4.6,23-24
V. Tsygankov,Girona,7,30,0.23,6.5,23-24
A. Sørloth,Villarreal,6,34,0.18,3.0,23-24
Aleix García,Girona,6,37,0.16,6.0,23-24
Jesús Areso,Osasuna,6,37,0.16,2.9,23-24
Diego López,Valencia,6,36,0.17,2.4,23-24
M. Greenwood,Getafe,6,33,0.18,4.3,23-24
Brais Méndez,Sociedad,6,32,0.19,4.4,23-24
Luka Modrić,Real Madrid,6,32,0.19,4.8,23-24
Lucas Vázquez,Real Madrid,6,29,0.21,3.6,23-24
A. Griezmann,Ath Madrid,6,33,0.18,5.8,23-24
Dani Parejo,Villarreal,5,33,0.15,4.0,23-24
Lamine Yamal,Barcelona,5,37,0.14,6.5,23-24
Sergi Darder,Mallorca,5,36,0.14,5.0,23-24
Portu,Girona,5,36,0.14,2.5,23-24
S. Lino,Ath Madrid,5,34,0.15,9.9,23-24
R. De Paul,Ath Madrid,5,34,0.15,6.2,23-24
Rodrygo,Real Madrid,5,34,0.15,4.2,23-24
R. Riquelme,Ath Madrid,5,34,0.15,3.7,23-24
G. Guruzeta,Ath Bilbao,5,32,0.16,1.8,23-24
Isco,Betis,5,29,0.17,6.4,23-24
L. Ramazani,Almeria,5,29,0.17,2.4,23-24
O. De Marcos,Ath Bilbao,5,28,0.18,3.4,23-24
Vinícius,Real Madrid,5,26,0.19,4.4,23-24
Manu Sánchez,Celta,5,26,0.19,3.0,23-24
Fran García,Real Madrid,5,25,0.2,1.8,23-24
Oihan Sancet,Ath Bilbao,5,30,0.17,2.9,23-24
Koke,Ath Madrid,4,35,0.11,3.0,23-24
Sergio Arribas,Almeria,4,34,0.12,3.3,23-24
L. Robertone,Almeria,4,33,0.12,2.2,23-24
Sergio Ruiz,Granada,4,35,0.11,1.8,23-24
Luis Rioja,Alaves,4,37,0.11,4.2,23-24
Iván Martín,Girona,4,36,0.11,3.3,23-24
Jon Guridi,Alaves,4,36,0.11,2.9,23-24
Dani Rodríguez,Mallorca,4,36,0.11,5.2,23-24
M. Llorente,Ath Madrid,4,37,0.11,4.5,23-24
Saúl,Ath Madrid,4,34,0.12,2.1,23-24
Fran Pérez,Valencia,4,32,0.13,2.1,23-24
Willian José,Betis,4,33,0.12,1.7,23-24
Adrià Pedrosa,Sevilla,4,31,0.13,2.0,23-24
L. De La Torre,Celta,4,31,0.13,1.5,23-24
Take Kubo,Sociedad,4,30,0.13,6.5,23-24
Suso,Sevilla,4,29,0.14,4.9,23-24
Jonathan Viera,Almeria,4,21,0.19,2.4,23-24
Carlos Vicente,Alaves,4,18,0.22,2.9,23-24
Isaac Romero,Sevilla,4,14,0.29,1.0,23-24
João Cancelo,Barcelona,4,32,0.13,6.7,23-24
M. Oyarzabal,Sociedad,3,33,0.09,1.3,23-24
Álex Sola,Alaves,3,31,0.1,2.1,23-24
Lucas Boyé,Granada,3,31,0.1,2.0,23-24
Javi López,Alaves,3,32,0.09,2.5,23-24
Á. Morata,Ath Madrid,3,32,0.09,1.6,23-24
Mikel Merino,Sociedad,3,32,0.09,2.8,23-24
G. Gumbau,Granada,3,35,0.09,4.0,23-24
I. Williams,Ath Bilbao,3,34,0.09,7.5,23-24
Álex Berenguer,Ath Bilbao,3,35,0.09,4.0,23-24
Gonzalo Villar,Granada,3,35,0.09,2.2,23-24
Lucas Ocampos,Sevilla,3,35,0.09,4.1,23-24
J. Larsen,Celta,3,37,0.08,2.1,23-24
Javi Muñoz,Las Palmas,3,37,0.08,1.8,23-24
C. Stuani,Girona,3,31,0.1,0.5,23-24
A. Catena,Osasuna,3,30,0.1,1.0,23-24
Johan Mojica,Osasuna,3,30,0.1,3.2,23-24
Chimy Ávila,Betis,3,23,0.13,2.8,23-24
Luiz Henrique,Betis,3,14,0.21,1.5,23-24
A. Pedraza,Villarreal,3,19,0.16,2.3,23-24
Nahuel Molina,Ath Madrid,3,30,0.1,2.2,23-24
Ander Herrera,Ath Bilbao,3,23,0.13,1.9,23-24
Roger Martí,Cadiz,3,23,0.13,1.3,23-24
W. Carvalho,Betis,3,22,0.14,0.7,23-24
Marc Pubill,Almeria,3,23,0.13,1.2,23-24
Iñigo Lekue,Ath Bilbao,3,27,0.11,0.9,23-24
Sandro,Las Palmas,3,27,0.11,9.9,23-24
A. Moleiro,Las Palmas,3,28,0.11,2.7,23-24
Dani Carvajal,Real Madrid,3,28,0.11,3.1,23-24
João Félix,Barcelona,3,30,0.1,2.6,23-24
Damián,Celta,2,5,0.4,1.1,23-24
Héctor Fort,Barcelona,2,7,0.29,0.5,23-24
Sergi Roberto,Barcelona,2,14,0.14,0.8,23-24
Ilaix Moriba,Getafe,2,14,0.14,0.4,23-24
Giuliano,Alaves,2,14,0.14,1.2,23-24
S. Becker,Sociedad,2,15,0.13,1.8,23-24
Pablo Fornals,Betis,2,15,0.13,2.0,23-24
D. Suárez,Getafe,2,16,0.13,1.1,23-24
G. Guedes,Villarreal,2,17,0.12,1.1,23-24
Lamine Yamal,Barcelona,13,35,0.37,11.6,24-25
Álex Baena,Villarreal,10,32,0.31,12.6,24-25
I. Williams,Ath Bilbao,9,35,0.26,4.2,24-25
Raphinha,Barcelona,9,36,0.25,10.1,24-25
Isco,Betis,8,22,0.36,3.9,24-25
Vinícius,Real Madrid,8,30,0.27,7.0,24-25
J. Bellingham,Real Madrid,8,31,0.26,4.5,24-25
Yéremy Pino,Villarreal,7,34,0.21,3.8,24-25
Sergi Cardona,Villarreal,7,35,0.2,4.6,24-25
Álex Berenguer,Ath Bilbao,7,36,0.19,4.4,24-25
Dani Rodríguez,Mallorca,7,37,0.19,3.4,24-25
A. Griezmann,Ath Madrid,7,38,0.18,6.5,24-25
Dani Raba,Leganes,6,29,0.21,4.6,24-25
Oliver Mcburnie,Las Palmas,6,34,0.18,1.0,24-25
Giuliano,Ath Madrid,6,33,0.18,4.7,24-25
C. Uche,Getafe,6,33,0.18,3.1,24-25
Nicolas Pépé,Villarreal,6,28,0.21,4.1,24-25
Ferran Torres,Barcelona,6,27,0.22,2.6,24-25
Bryan Zaragoza,Osasuna,6,27,0.22,5.1,24-25
Saúl,Sevilla,6,24,0.25,2.3,24-25
Álex Balde,Barcelona,4,32,0.13,12.6,24-25
A. Budimir,Osasuna,4,38,0.11,1.2,24-25
F. Valverde,Real Madrid,4,36,0.11,3.2,24-25
Thierno Barry,Villarreal,4,35,0.11,2.0,24-25
Isi Palazón,Vallecano,4,35,0.11,4.7,24-25
Javi Puado,Espanol,4,35,0.11,2.1,24-25
Juan Cruz,Leganes,4,34,0.12,3.7,24-25
André Almeida,Valencia,4,34,0.12,4.9,24-25
Luis Milla,Getafe,4,33,0.12,4.9,24-25
M. Llorente,Ath Madrid,4,33,0.12,3.1,24-25
Aimar Oroz,Osasuna,4,37,0.11,3.5,24-25
Juanlu Sánchez,Sevilla,4,32,0.13,1.7,24-25
Álvaro Tejero,Espanol,4,28,0.14,3.6,24-25
S. Lino,Ath Madrid,4,31,0.13,2.2,24-25
O. De Marcos,Ath Bilbao,4,26,0.15,2.2,24-25
Pablo Durán,Celta,4,27,0.15,1.0,24-25
I. Ruiz De Galarreta,Ath Bilbao,4,26,0.15,2.7,24-25
Arda Güler,Real Madrid,4,28,0.14,4.4,24-25
Íñigo Martínez,Barcelona,4,28,0.14,1.8,24-25
Óscar Rodríguez,Leganes,4,29,0.14,1.7,24-25
Pablo Barrios,Ath Madrid,4,31,0.13,2.0,24-25
A. Catena,Osasuna,3,35,0.09,1.9,24-25
M. De La Fuente,Leganes,3,34,0.09,0.8,24-25
K. Mbappé,Real Madrid,3,34,0.09,6.6,24-25
Pau Cubarsí,Barcelona,3,35,0.09,1.0,24-25
L. Agoumé,Sevilla,3,35,0.09,1.6,24-25
Javi Muñoz,Las Palmas,3,35,0.09,2.3,24-25
M. Oyarzabal,Sociedad,3,35,0.09,1.8,24-25
Andrei Rațiu,Vallecano,3,35,0.09,3.9,24-25
Jesús Areso,Osasuna,3,36,0.08,3.1,24-25
Dani Parejo,Villarreal,3,36,0.08,1.9,24-25
Javi Guerra,Valencia,3,36,0.08,3.2,24-25
Jorge De Frutos,Vallecano,3,36,0.08,2.3,24-25
Jules Koundé,Barcelona,3,32,0.09,3.8,24-25
Borja Iglesias,Celta,3,37,0.08,1.4,24-25
Jofre,Espanol,3,37,0.08,1.9,24-25
Florian Lejeune,Vallecano,3,37,0.08,1.1,24-25
Luis Rioja,Valencia,3,37,0.08,5.7,24-25
Diego Rico,Getafe,3,33,0.09,3.4,24-25
Nahuel Molina,Ath Madrid,3,30,0.1,1.9,24-25
C. Gallagher,Ath Madrid,3,32,0.09,1.1,24-25
Unai Gómez,Ath Bilbao,3,32,0.09,0.9,24-25
Kirian,Las Palmas,3,21,0.14,1.4,24-25
Marc Casadó,Barcelona,3,23,0.13,1.8,24-25
Fábio Silva,Las Palmas,3,24,0.13,1.8,24-25
Javi Galán,Ath Madrid,3,25,0.12,3.1,24-25
Dani Olmo,Barcelona,3,25,0.12,3.7,24-25
J. Campaña,Las Palmas,3,25,0.12,1.0,24-25
Bryan Gil,Girona,3,25,0.12,3.2,24-25
G. Lo Celso,Betis,3,25,0.12,5.2,24-25
Hugo Álvarez,Celta,3,26,0.12,2.1,24-25
Gerard Martín,Barcelona,3,28,0.11,1.7,24-25
Y. Herrera,Girona,3,29,0.1,1.3,24-25
Eric García,Barcelona,3,29,0.1,1.6,24-25
Aitor Ruibal,Betis,3,29,0.1,1.9,24-25
A. Barrenetxea,Sociedad,3,30,0.1,2.5,24-25
Sandro,Las Palmas,3,31,0.1,3.2,24-25
Héctor Bellerín,Betis,2,9,0.22,2.1,24-25
Assane Diao,Betis,2,10,0.2,0.6,24-25
Lamine Yamal,Barcelona,11,27,0.41,10.1,25-26
L. Milla,Getafe,9,30,0.3,5.5,25-26
Fermin,Barcelona,8,25,0.32,4.0,25-26
Arda Güler,Real Madrid,8,31,0.26,7.2,25-26
Olmo,Barcelona,7,26,0.27,4.9,25-26
Pedri,Barcelona,7,23,0.3,4.5,25-26
Valverde,Real Madrid,7,29,0.24,4.6,25-26
Rashford,Barcelona,6,26,0.23,4.1,25-26
Edu Expósito,Espanol,6,29,0.21,6.4,25-26
Giuliano,Ath Madrid,6,27,0.22,4.9,25-26
Santi C.v.,Villarreal,5,29,0.17,1.7,25-26
Álvaro,Vallecano,5,31,0.16,2.8,25-26
F. De Jong,Barcelona,5,20,0.25,3.5,25-26
L. Rioja,Valencia,5,30,0.17,4.1,25-26
M. Neto,Elche,5,23,0.22,2.7,25-26
Rubén García,Osasuna,5,28,0.18,4.4,25-26
Brahim,Real Madrid,5,23,0.22,2.2,25-26
Vini Jr.,Real Madrid,5,30,0.17,4.8,25-26
Vargas,Sevilla,5,17,0.29,1.9,25-26
Mikautadze,Villarreal,5,26,0.19,2.4,25-26
Moncayola,Osasuna,4,29,0.14,3.2,25-26
Trent,Real Madrid,4,15,0.27,0.6,25-26
Mbappé,Real Madrid,4,26,0.15,6.1,25-26
Jan Virgili,Mallorca,4,24,0.17,2.1,25-26
Etta Eyong,Levante,4,27,0.15,1.6,25-26
Thiago,Oviedo,4,10,0.4,2.0,25-26
S. Cardona,Villarreal,3,25,0.12,2.6,25-26
Andrei,Vallecano,3,28,0.11,4.4,25-26
Unai Lopez,Vallecano,3,22,0.14,1.3,25-26
Isi,Vallecano,3,29,0.1,0.3,25-26
Hassan,Oviedo,3,30,0.1,3.0,25-26
Kounde,Barcelona,3,26,0.12,3.3,25-26
Raphinha,Barcelona,3,20,0.15,5.6,25-26
Toljan,Levante,3,30,0.1,3.9,25-26
Turrientes,Sociedad,3,21,0.14,0.5,25-26
Oyarzabal,Sociedad,3,27,0.11,3.2,25-26
Javi Guerra,Valencia,3,29,0.1,2.3,25-26
Ugrinic,Valencia,3,20,0.15,2.5,25-26
Pablo Torre,Mallorca,3,28,0.11,2.4,25-26
Mateo Joseph,Mallorca,3,29,0.1,0.9,25-26
Arnau,Girona,2,28,0.07,7.2,25-26
Gueye,Villarreal,2,25,0.08,2.7,25-26
A. Pedraza,Villarreal,2,23,0.09,2.3,25-26
Mouriño,Villarreal,2,24,0.08,0.4,25-26
Pep Chavarria,Vallecano,2,27,0.07,3.0,25-26
Ilyas,Oviedo,2,29,0.07,1.2,25-26
Eric,Barcelona,2,29,0.07,4.5,25-26
Balde,Barcelona,2,22,0.09,2.0,25-26
P. Martínez,Levante,2,20,0.1,2.5,25-26
Manu Sánchez,Levante,2,27,0.07,1.2,25-26
Sergio Gómez,Sociedad,2,29,0.07,4.6,25-26
Danjuma,Valencia,2,28,0.07,3.4,25-26
Mascarell,Mallorca,2,24,0.08,0.3,25-26
Brais Méndez,Sociedad,2,27,0.07,2.6,25-26
Blanco,Alaves,2,29,0.07,1.5,25-26
El Hilali,Espanol,2,29,0.07,1.9,25-26
C. Romero,Espanol,2,29,0.07,2.9,25-26
Roberto,Espanol,2,31,0.06,1.5,25-26
Arambarri,Getafe,2,30,0.07,0.7,25-26
Iglesias,Getafe,2,30,0.07,1.5,25-26
Williams Jr,Ath Bilbao,2,21,0.1,4.8,25-26
Koke,Ath Madrid,2,28,0.07,3.7,25-26
Álex B.,Ath Madrid,2,22,0.09,4.3,25-26
Hancko,Ath Madrid,2,26,0.08,2.0,25-26
Agoumé,Sevilla,2,27,0.07,1.4,25-26
P. Durán,Celta,2,24,0.08,1.5,25-26
Hugo Sotelo,Celta,2,17,0.12,2.2,25-26
B. Iglesias,Celta,2,28,0.07,1.5,25-26
Jutgla,Celta,2,23,0.09,1.2,25-26
Moriba,Celta,2,30,0.07,1.7,25-26
R.p. Bigas,Elche,2,22,0.09,1.1,25-26
Febas,Elche,2,30,0.07,2.7,25-26
Lo Celso,Betis,2,18,0.11,2.1,25-26
Aitor Ruibal,Betis,2,25,0.08,1.6,25-26
Víctor M.v.,Osasuna,2,31,0.06,2.7,25-26
Catena,Osasuna,2,29,0.07,3.4,25-26
Aimar,Osasuna,2,24,0.08,2.9,25-26
Kike Barja,Osasuna,2,21,0.1,2.2,25-26
Huijsen,Real Madrid,2,23,0.09,1.2,25-26
Á. Carreras,Real Madrid,2,25,0.08,1.4,25-26
Lemar,Girona,1,21,0.05,1.4,25-26
Yeremy,Villarreal,1,2,0.5,1.0,25-26
Buchanan,Villarreal,1,29,0.03,1.9,25-26
Fran Pérez,Vallecano,1,25,0.04,1.2,25-26
De Frutos,Vallecano,1,29,0.03,2.4,25-26
Lejeune,Vallecano,1,31,0.03,0.4,25-26
Gumbau,Vallecano,1,22,0.05,1.8,25-26
F. Viñas,Oviedo,1,27,0.04,1.8,25-26
Luengo,Oviedo,1,3,0.33,0.0,25-26
S. Cazorla,Oviedo,1,21,0.05,1.7,25-26
A. Reina,Oviedo,1,30,0.03,2.1,25-26
Ferran,Barcelona,1,28,0.04,1.5,25-26
M. Casadó,Barcelona,1,20,0.05,0.6,25-26
Gavi,Barcelona,1,5,0.2,0.2,25-26
I. Romero,Levante,1,27,0.04,1.9,25-26
Víctor G.,Levante,1,17,0.06,1.0,25-26
Dela,Levante,1,27,0.04,0.7,25-26
R. Brugué,Levante,1,15,0.07,0.7,25-26
C. Alvarez,Levante,1,27,0.04,4.1,25-26
Marin,Sociedad,1,27,0.04,1.2,25-26
Isma,Getafe,1,4,0.25,5.5,25-26
Gorosabel,Ath Bilbao,1,17,0.06,0.9,25-26
Navarro,Ath Bilbao,1,25,0.04,1.5,25-26
R. De Galarreta,Ath Bilbao,1,28,0.04,2.6,25-26
Guruzeta,Ath Bilbao,1,28,0.04,1.8,25-26
Areso,Ath Bilbao,1,24,0.04,1.3,25-26
Barrios,Ath Madrid,1,21,0.05,2.1,25-26
Griezmann,Ath Madrid,1,27,0.04,2.4,25-26
Raspadori,Ath Madrid,1,12,0.08,0.6,25-26
Molina,Ath Madrid,1,22,0.05,1.3,25-26
Almada,Ath Madrid,1,22,0.05,2.0,25-26
Marc Pubill,Ath Madrid,1,13,0.08,0.6,25-26
Lenglet,Ath Madrid,1,13,0.08,0.4,25-26
Ejuke,Sevilla,1,22,0.05,0.6,25-26
Sow,Sevilla,1,27,0.04,1.1,25-26
Peque,Sevilla,1,22,0.05,2.7,25-26
Javi Rguez,Celta,1,26,0.04,0.7,25-26
Bryan,Celta,1,19,0.05,2.5,25-26
Hugo A.,Celta,1,21,0.05,1.8,25-26
Carreira,Celta,1,27,0.04,1.6,25-26
Papa,Girona,0,0,0.0,5.6,25-26
Blind,Girona,0,28,0.0,1.2,25-26
Gibi,Girona,0,0,0.0,0.2,25-26
Asprilla,Girona,0,15,0.0,5.5,25-26
Pau Navarro,Villarreal,0,19,0.0,1.5,25-26
Ruben,Villarreal,0,0,0.0,1.9,25-26
T. Partey,Villarreal,0,19,0.0,2.0,25-26
Gerard,Villarreal,0,17,0.0,1.8,25-26
J. Ives Valou,Villarreal,0,0,0.0,4.0,25-26
Foyth,Villarreal,0,13,0.0,,25-26
A. Alti,Villarreal,0,1,0.0,1.4,25-26
Júnior R.,Villarreal,0,28,0.0,0.7,25-26
Parejo,Villarreal,0,25,0.0,,25-26
Cabanes,Villarreal,0,0,0.0,1.3,25-26
Rafa Marín,Villarreal,0,19,0.0,1.2,25-26
Cárdenas,Vallecano,0,1,0.0,3.4,25-26
Óscar V.,Vallecano,0,27,0.0,4.0,25-26
Pelayo,Vallecano,0,1,0.0,1.6,25-26
Pedro Díaz,Vallecano,0,28,0.0,1.4,25-26
Pacha,Vallecano,0,24,0.0,,25-26
